CustomerID,Recency,Frequency,Monetary,FirstPurchase,LastPurchase,AvgBasketSize,Country,TenureDays,CLV,R_Score,F_Score,M_Score,RFM_Score,cluster_id,segment
12000,15,10,652.62,2023-12-03,2024-11-25,6.972972972972973,Italy,373,638.6227882037533,5,4,3,12,0,Champions
12001,22,1,12.6,2024-11-18,2024-11-18,6.0,Germany,22,209.04545454545456,4,1,1,6,1,Loyal Customers
12002,24,11,896.6600000000001,2023-12-06,2024-11-16,6.7368421052631575,United Kingdom,370,884.542972972973,4,4,4,12,0,Champions
12003,5,22,1628.58,2023-12-23,2024-12-05,8.014084507042254,Ireland,353,1683.942492917847,5,5,5,15,0,Champions
12004,25,1,136.38,2024-11-15,2024-11-15,8.5,France,25,1991.148,4,1,2,7,1,Loyal Customers
12005,22,33,2986.96,2023-12-01,2024-11-18,8.353846153846154,Italy,375,2907.3077333333335,4,5,5,14,0,Champions
12006,202,1,107.64,2024-05-22,2024-05-22,6.571428571428571,United Kingdom,202,194.4980198019802,1,1,2,4,2,Potential Loyalists
12007,26,14,1204.39,2023-12-02,2024-11-14,7.921568627450981,United Kingdom,374,1175.4073529411767,4,4,4,12,0,Champions
12008,39,9,817.49,2023-12-28,2024-11-01,6.878048780487805,United Kingdom,348,857.424856321839,3,3,4,10,0,Champions
12009,158,7,365.71,2024-01-28,2024-07-05,5.583333333333333,United Kingdom,317,421.08564668769714,2,3,3,8,1,Loyal Customers
12010,61,1,12.34,2024-10-10,2024-10-10,2.0,United Kingdom,61,73.83770491803278,2,1,1,4,1,Loyal Customers
12011,19,12,1068.72,2024-02-02,2024-11-21,7.44,United Kingdom,312,1250.2653846153846,4,4,4,12,0,Champions
12012,151,4,277.97,2024-04-10,2024-07-12,5.823529411764706,Netherlands,244,415.81577868852463,2,3,3,8,1,Loyal Customers
12013,28,15,876.52,2023-12-12,2024-11-12,7.675,United Kingdom,364,878.9280219780219,4,4,4,12,0,Champions
12014,77,5,416.51,2024-05-04,2024-09-24,7.1,United Kingdom,220,691.0279545454546,2,3,3,8,1,Loyal Customers
12015,17,1,64.85,2024-11-23,2024-11-23,8.0,United Kingdom,17,1392.3676470588234,4,1,1,6,1,Loyal Customers
12016,5,21,2541.65,2023-12-08,2024-12-05,8.53125,Portugal,368,2520.930027173913,5,5,5,15,0,Champions
12017,333,1,79.9,2024-01-12,2024-01-12,6.4,Netherlands,333,87.57807807807808,1,1,1,3,2,Potential Loyalists
12018,19,16,1466.11,2024-02-28,2024-11-21,7.524590163934426,United Kingdom,286,1871.0844405594403,4,4,5,13,0,Champions
12019,20,1,118.55,2024-11-20,2024-11-20,6.6,United Kingdom,20,2163.5375,4,1,2,7,1,Loyal Customers
12020,38,9,630.3,2024-03-02,2024-11-02,7.0,United Kingdom,283,812.9310954063603,3,3,3,9,0,Champions
12021,6,19,1315.54,2023-12-01,2024-12-04,8.078125,Belgium,375,1280.4589333333333,5,5,4,14,0,Champions
12022,67,17,1641.71,2023-12-03,2024-10-04,8.623188405797102,France,373,1606.4990616621983,2,5,5,12,0,Champions
12023,34,14,1460.79,2023-12-10,2024-11-06,8.607142857142858,United Kingdom,366,1456.7987704918032,3,4,5,12,0,Champions
12024,70,5,279.51,2024-08-17,2024-10-01,4.75,United Kingdom,115,887.1404347826087,2,3,3,8,1,Loyal Customers
12025,282,2,213.73,2023-12-23,2024-03-03,7.3,Netherlands,353,220.99560906515578,1,1,2,4,2,Potential Loyalists
12026,325,2,98.87,2023-12-03,2024-01-20,5.5,Belgium,373,96.74946380697051,1,1,1,3,2,Potential Loyalists
12027,79,5,166.28,2024-01-29,2024-09-22,5.384615384615385,Portugal,316,192.06392405063292,2,3,2,7,1,Loyal Customers
12028,19,24,2028.24,2023-12-03,2024-11-21,7.71578947368421,United Kingdom,373,1984.7388739946382,4,5,5,14,0,Champions
12029,18,21,2441.04,2023-12-01,2024-11-22,8.329787234042554,United Kingdom,375,2375.9456,4,5,5,14,0,Champions
12030,31,17,1465.08,2023-12-11,2024-11-09,7.821917808219178,United Kingdom,365,1465.08,3,5,5,13,0,Champions
12031,291,1,56.02,2024-02-23,2024-02-23,4.666666666666667,United Kingdom,291,70.26563573883162,1,1,1,3,2,Potential Loyalists
12032,36,10,1167.82,2024-06-28,2024-11-04,8.591836734693878,United Kingdom,165,2583.3593939393936,3,4,4,11,0,Champions
12033,25,10,988.67,2024-06-28,2024-11-15,7.521739130434782,Netherlands,165,2187.0578787878785,4,4,4,12,0,Champions
12034,9,39,3236.03,2023-12-01,2024-12-01,7.871212121212121,Australia,375,3149.735866666667,5,5,5,15,0,Champions
12035,14,1,18.75,2024-11-26,2024-11-26,3.5,United Kingdom,14,488.83928571428567,5,1,1,7,1,Loyal Customers
12036,7,36,3706.42,2023-12-05,2024-12-03,8.1125,Netherlands,371,3646.4778975741237,5,5,5,15,0,Champions
12037,11,1,99.9,2024-11-29,2024-11-29,6.4,Spain,11,3314.8636363636365,5,1,1,7,1,Loyal Customers
12038,12,2,152.77,2024-08-26,2024-11-28,6.545454545454546,United Kingdom,106,526.047641509434,5,1,2,8,1,Loyal Customers
12039,16,12,965.01,2023-12-13,2024-11-24,7.891304347826087,United Kingdom,363,970.3268595041321,5,4,4,13,0,Champions
12040,305,1,148.15,2024-02-09,2024-02-09,6.428571428571429,Germany,305,177.29426229508198,1,1,2,4,2,Potential Loyalists
12041,20,11,987.4,2023-12-16,2024-11-20,6.659574468085107,United Kingdom,360,1001.1138888888888,4,4,4,12,0,Champions
12042,35,11,1011.52,2024-05-24,2024-11-05,7.918367346938775,United Kingdom,200,1846.024,3,4,4,11,0,Champions
12043,19,2,104.3,2024-11-06,2024-11-21,4.75,France,34,1119.691176470588,4,1,2,7,1,Loyal Customers
12044,267,1,162.6,2024-03-18,2024-03-18,9.5,United Kingdom,267,222.2808988764045,1,1,2,4,2,Potential Loyalists
12045,13,29,2702.26,2023-12-02,2024-11-27,8.008620689655173,Spain,374,2637.2323529411765,5,5,5,15,0,Champions
12046,35,2,139.25,2024-09-13,2024-11-05,6.428571428571429,Germany,88,577.5710227272726,3,1,2,6,1,Loyal Customers
12047,61,1,83.36000000000001,2024-10-10,2024-10-10,5.0,United Kingdom,61,498.7934426229509,2,1,1,4,1,Loyal Customers
12048,146,3,182.51,2024-05-10,2024-07-17,6.0,United Kingdom,214,311.29042056074763,2,2,2,6,1,Loyal Customers
12049,6,31,2883.96,2023-12-06,2024-12-04,7.758620689655173,United Kingdom,370,2844.9875675675676,5,5,5,15,0,Champions
12050,10,36,3419.21,2023-12-03,2024-11-30,7.617647058823529,France,373,3345.875737265416,5,5,5,15,0,Champions
12051,32,16,1736.02,2023-12-16,2024-11-08,8.356164383561644,United Kingdom,360,1760.131388888889,3,4,5,12,0,Champions
12052,321,1,51.81,2024-01-24,2024-01-24,3.857142857142857,United Kingdom,321,58.911682242990665,1,1,1,3,2,Potential Loyalists
12053,67,3,148.81,2024-09-19,2024-10-04,7.166666666666667,Spain,82,662.3859756097561,2,2,2,6,1,Loyal Customers
12054,24,14,1448.21,2023-12-12,2024-11-16,8.711538461538462,United Kingdom,364,1452.1885989010989,4,4,5,13,0,Champions
12055,41,13,915.72,2023-12-11,2024-10-30,7.704545454545454,United Kingdom,365,915.72,3,4,4,11,0,Champions
12056,278,1,102.78,2024-03-07,2024-03-07,8.0,Netherlands,278,134.94496402877698,1,1,1,3,2,Potential Loyalists
12057,7,2,77.66,2024-10-24,2024-12-03,5.5,Ireland,47,603.1042553191489,5,1,1,7,1,Loyal Customers
12058,306,3,232.72,2023-12-10,2024-02-08,7.3076923076923075,United Kingdom,366,232.08415300546446,1,2,3,6,2,Potential Loyalists
12059,247,1,52.41,2024-04-07,2024-04-07,5.5,United Kingdom,247,77.44797570850203,1,1,1,3,2,Potential Loyalists
12060,279,2,159.6,2024-02-09,2024-03-06,6.0,Belgium,305,190.9967213114754,1,1,2,4,2,Potential Loyalists
12061,38,17,1173.47,2023-12-02,2024-11-02,7.423728813559322,United Kingdom,374,1145.2314171122996,3,5,4,12,0,Champions
12062,53,15,1459.63,2023-12-16,2024-10-18,8.482142857142858,United Kingdom,360,1479.9026388888892,2,4,5,11,0,Champions
12063,209,1,75.0,2024-05-15,2024-05-15,6.666666666666667,Ireland,209,130.98086124401914,1,1,1,3,2,Potential Loyalists
12064,7,17,1397.52,2023-12-05,2024-12-03,8.03125,United Kingdom,371,1374.9185983827492,5,5,5,15,0,Champions
12065,90,8,747.62,2023-12-27,2024-09-11,6.315789473684211,United Kingdom,349,781.8948424068768,2,3,4,9,1,Loyal Customers
12066,16,31,2848.66,2023-12-06,2024-11-24,7.65546218487395,United Kingdom,370,2810.1645945945947,5,5,5,15,0,Champions
12067,318,1,74.9,2024-01-27,2024-01-27,7.0,United Kingdom,318,85.97012578616354,1,1,1,3,2,Potential Loyalists
12068,136,8,492.87,2023-12-24,2024-07-27,5.387096774193548,France,352,511.0725852272727,2,3,3,8,1,Loyal Customers
12069,32,14,1364.79,2023-12-17,2024-11-08,8.25,Italy,359,1387.5998607242338,3,4,4,11,0,Champions
12070,212,3,193.07,2024-03-18,2024-05-12,7.083333333333333,United Kingdom,267,263.9346441947566,1,2,2,5,1,Loyal Customers
12071,147,7,510.66,2024-02-11,2024-07-16,5.807692307692308,United Kingdom,303,615.1514851485149,2,3,3,8,1,Loyal Customers
12072,22,11,894.24,2023-12-05,2024-11-18,7.958333333333333,United Kingdom,371,879.777897574124,4,4,4,12,0,Champions
12073,18,2,71.65,2024-11-12,2024-11-22,4.8,United Kingdom,28,934.0089285714286,4,1,1,6,1,Loyal Customers
12074,8,32,3514.6,2023-12-02,2024-12-02,7.449275362318841,United Kingdom,374,3430.0240641711225,5,5,5,15,0,Champions
12075,372,1,30.25,2023-12-04,2023-12-04,11.0,United Kingdom,372,29.680779569892472,1,1,1,3,2,Potential Loyalists
12076,46,17,1210.41,2023-12-02,2024-10-25,7.189655172413793,United Kingdom,374,1181.2824866310161,3,5,4,12,0,Champions
12077,249,1,77.75,2024-04-05,2024-04-05,7.666666666666667,United Kingdom,249,113.97088353413655,1,1,1,3,2,Potential Loyalists
12078,21,1,26.25,2024-11-19,2024-11-19,7.0,Spain,21,456.25,4,1,1,6,1,Loyal Customers
12079,30,11,1078.19,2024-04-01,2024-11-10,8.304347826086957,Spain,253,1555.4915019762848,3,4,4,11,0,Champions
12080,38,10,998.65,2023-12-15,2024-11-02,9.25,France,361,1009.7153739612189,3,4,4,11,0,Champions
12081,10,2,225.89,2024-11-19,2024-11-30,6.1,United Kingdom,21,3926.183333333333,5,1,3,9,1,Loyal Customers
12082,5,37,2933.94,2023-12-01,2024-12-05,8.391304347826088,Ireland,375,2855.7016000000003,5,5,5,15,0,Champions
12083,14,13,1114.7,2023-12-14,2024-11-26,7.980392156862745,United Kingdom,362,1123.9378453038673,5,4,4,13,0,Champions
12084,15,16,1227.27,2023-12-08,2024-11-25,7.842105263157895,Germany,368,1217.2650815217391,5,5,4,14,0,Champions
12085,24,1,17.400000000000002,2024-11-16,2024-11-16,4.5,United Kingdom,24,264.62500000000006,4,1,1,6,1,Loyal Customers
12086,121,3,134.15,2024-02-26,2024-08-11,4.833333333333333,United Kingdom,288,170.01649305555557,2,2,2,6,1,Loyal Customers
12087,41,2,271.55,2024-08-25,2024-10-30,5.923076923076923,United Kingdom,107,926.3154205607476,3,2,3,8,1,Loyal Customers
12088,43,2,176.72,2024-10-27,2024-10-28,6.0,United Kingdom,44,1465.9727272727273,3,2,2,7,1,Loyal Customers
12089,361,2,188.25,2023-12-09,2023-12-15,4.75,United Kingdom,367,187.2241144414169,1,2,2,5,2,Potential Loyalists
12090,30,12,971.61,2023-12-08,2024-11-10,7.391304347826087,United Kingdom,368,963.6892663043478,3,4,4,11,0,Champions
12091,340,1,99.01,2024-01-05,2024-01-05,7.0,Ireland,340,106.29014705882354,1,1,1,3,2,Potential Loyalists
12092,26,15,1546.02,2023-12-11,2024-11-14,8.43939393939394,France,365,1546.02,4,4,5,13,0,Champions
12093,281,3,229.65,2023-12-13,2024-03-04,8.5,Germany,363,230.91528925619835,1,2,3,6,2,Potential Loyalists
12094,85,6,377.9,2024-02-01,2024-09-16,6.2,United Kingdom,313,440.68210862619804,2,3,3,8,1,Loyal Customers
12095,3,21,1817.76,2023-12-05,2024-12-07,6.3125,Belgium,371,1788.3622641509435,5,5,5,15,0,Champions
12096,242,2,108.58,2024-04-07,2024-04-12,5.625,France,247,160.4522267206478,1,2,2,5,2,Potential Loyalists
12097,48,14,1194.54,2023-12-03,2024-10-23,7.387096774193548,United Kingdom,373,1168.9198391420912,2,4,4,10,0,Champions
12098,17,2,170.74,2024-11-14,2024-11-23,6.0,Belgium,26,2396.9269230769232,4,2,2,8,1,Loyal Customers
12099,265,3,112.95,2024-01-21,2024-03-20,4.181818181818182,Netherlands,324,127.24305555555554,1,2,2,5,2,Potential Loyalists
12100,12,2,84.33,2024-10-28,2024-11-28,8.0,United Kingdom,43,715.8244186046511,5,2,1,8,1,Loyal Customers
12101,40,15,1433.24,2023-12-09,2024-10-31,8.228070175438596,Belgium,367,1425.4294277929155,3,4,5,12,0,Champions
12102,48,2,61.56,2024-10-08,2024-10-23,7.0,United Kingdom,63,356.6571428571429,2,2,1,5,1,Loyal Customers
12103,9,39,4073.98,2023-12-02,2024-12-01,7.730994152046784,France,374,3975.943048128342,5,5,5,15,0,Champions
12104,3,37,3315.75,2023-12-01,2024-12-07,7.787671232876712,United Kingdom,375,3227.3300000000004,5,5,5,15,0,Champions
12105,111,4,431.88,2024-05-25,2024-08-21,6.631578947368421,France,199,792.1417085427136,2,3,3,8,1,Loyal Customers
12106,41,2,218.36,2024-10-06,2024-10-30,5.384615384615385,United Kingdom,65,1226.1753846153847,3,2,3,8,1,Loyal Customers
12107,31,1,69.8,2024-11-09,2024-11-09,5.166666666666667,United Kingdom,31,821.8387096774193,3,1,1,5,1,Loyal Customers
12108,42,12,1219.91,2023-12-28,2024-10-29,9.391304347826088,Spain,348,1279.5033045977011,3,4,4,11,0,Champions
12109,19,1,70.55,2024-11-21,2024-11-21,4.833333333333333,Ireland,19,1355.3026315789473,4,1,1,6,1,Loyal Customers
12110,34,2,66.27000000000001,2024-08-15,2024-11-06,5.5,Germany,117,206.73974358974365,3,2,1,6,1,Loyal Customers
12111,1,21,1660.99,2023-12-03,2024-12-09,7.361111111111111,United Kingdom,373,1625.3655495978553,5,5,5,15,0,Champions
12112,8,11,1036.76,2023-12-28,2024-12-02,8.46808510638298,United Kingdom,348,1087.4063218390804,5,4,4,13,0,Champions
12113,232,1,125.0,2024-04-22,2024-04-22,8.0,United Kingdom,232,196.6594827586207,1,1,2,4,2,Potential Loyalists
12114,301,3,52.75,2023-12-07,2024-02-13,5.666666666666667,France,369,52.17818428184282,1,2,1,4,2,Potential Loyalists
12115,41,1,190.03,2024-10-30,2024-10-30,6.428571428571429,United Kingdom,41,1691.730487804878,3,1,2,6,1,Loyal Customers
12116,89,4,231.77,2024-05-08,2024-09-12,4.5625,United Kingdom,216,391.64837962962963,2,3,3,8,1,Loyal Customers
12117,24,10,1103.2,2023-12-12,2024-11-16,8.159090909090908,Spain,364,1106.2307692307693,4,4,4,12,0,Champions
12118,21,16,1714.49,2023-12-01,2024-11-19,8.71875,United Kingdom,375,1668.7702666666667,4,5,5,14,0,Champions
12119,37,2,89.69,2024-10-29,2024-11-03,4.0,United Kingdom,42,779.4488095238096,3,2,1,6,1,Loyal Customers
12120,242,2,178.9,2024-03-11,2024-04-12,7.111111111111111,Italy,274,238.31569343065692,1,2,2,5,2,Potential Loyalists
12121,196,2,144.3,2024-05-14,2024-05-28,5.7,United Kingdom,210,250.80714285714288,1,2,2,5,2,Potential Loyalists
12122,11,37,3370.27,2023-12-01,2024-11-29,7.832214765100671,Portugal,375,3280.396133333333,5,5,5,15,0,Champions
12123,80,4,355.85,2024-08-11,2024-09-21,5.777777777777778,Italy,121,1073.4318181818182,2,3,3,8,1,Loyal Customers
12124,237,1,87.5,2024-04-17,2024-04-17,6.4,Ireland,237,134.75738396624473,1,1,1,3,2,Potential Loyalists
12125,19,11,796.98,2023-12-01,2024-11-21,6.953488372093023,United Kingdom,375,775.7272,4,4,4,12,0,Champions
12126,289,3,229.29,2023-12-13,2024-02-25,6.666666666666667,United Kingdom,363,230.55330578512394,1,2,3,6,2,Potential Loyalists
12127,13,15,1603.18,2023-12-29,2024-11-27,8.96774193548387,Germany,347,1686.342074927954,5,4,5,14,0,Champions
12128,299,1,110.0,2024-02-15,2024-02-15,7.5,France,299,134.2809364548495,1,1,2,4,2,Potential Loyalists
12129,103,7,624.3000000000001,2023-12-03,2024-08-29,6.085714285714285,United Kingdom,373,610.9101876675604,2,3,3,8,1,Loyal Customers
12130,41,2,133.59,2024-10-08,2024-10-30,6.0,Australia,63,773.9738095238095,3,2,2,7,1,Loyal Customers
12131,24,8,672.53,2024-04-21,2024-11-16,7.310344827586207,United Kingdom,233,1053.5341201716737,4,3,3,10,0,Champions
12132,305,3,109.4,2023-12-04,2024-02-09,6.666666666666667,Spain,372,107.34139784946238,1,2,2,5,2,Potential Loyalists
12133,30,2,43.3,2024-10-06,2024-11-10,2.5,France,65,243.14615384615382,3,2,1,6,1,Loyal Customers
12134,39,13,1123.48,2023-12-20,2024-11-01,8.69767441860465,United Kingdom,356,1151.882584269663,3,4,4,11,0,Champions
12135,337,3,169.11,2023-12-07,2024-01-08,4.9,Netherlands,369,167.2768292682927,1,2,2,5,2,Potential Loyalists
12136,262,2,166.35000000000002,2024-02-25,2024-03-23,5.75,Belgium,289,210.0960207612457,1,2,2,5,2,Potential Loyalists
12137,114,5,380.15,2024-04-26,2024-08-18,5.0,United Kingdom,228,608.5734649122807,2,3,3,8,1,Loyal Customers
12138,43,1,52.47,2024-10-28,2024-10-28,3.4285714285714284,France,43,445.3848837209302,3,1,1,5,1,Loyal Customers
12139,24,1,39.900000000000006,2024-11-16,2024-11-16,9.5,Netherlands,24,606.8125000000001,4,1,1,6,1,Loyal Customers
12140,299,1,34.29,2024-02-15,2024-02-15,5.0,United Kingdom,299,41.85903010033445,1,1,1,3,2,Potential Loyalists
12141,29,14,1201.97,2023-12-11,2024-11-11,6.568965517241379,United Kingdom,365,1201.97,3,4,4,11,0,Champions
12142,119,3,149.8,2024-06-28,2024-08-13,3.4615384615384617,United Kingdom,165,331.3757575757576,2,2,2,6,1,Loyal Customers
12143,156,4,424.62,2023-12-13,2024-07-07,6.260869565217392,United Kingdom,363,426.9595041322315,2,3,3,8,1,Loyal Customers
12144,38,11,983.6,2023-12-20,2024-11-02,7.297872340425532,Germany,356,1008.4662921348315,3,4,4,11,0,Champions
12145,16,36,3609.69,2023-12-01,2024-11-24,8.006802721088436,United Kingdom,375,3513.4316,4,5,5,14,0,Champions
12146,238,1,161.32000000000002,2024-04-16,2024-04-16,7.0,United Kingdom,238,247.4025210084034,1,1,2,4,2,Potential Loyalists
12147,50,17,1280.91,2023-12-11,2024-10-21,7.528301886792453,United Kingdom,365,1280.91,2,5,4,11,0,Champions
12148,68,2,155.7,2024-09-11,2024-10-03,6.666666666666667,United Kingdom,90,631.45,2,2,2,6,1,Loyal Customers
12149,84,2,72.15,2024-08-12,2024-09-17,7.5,United Kingdom,120,219.45625,2,2,1,5,1,Loyal Customers
12150,6,16,1295.32,2023-12-11,2024-12-04,6.850746268656716,United Kingdom,365,1295.32,5,5,4,14,0,Champions
12151,132,4,523.9300000000001,2024-06-15,2024-07-31,6.44,France,178,1074.3508426966293,2,3,3,8,1,Loyal Customers
12152,126,1,10.8,2024-08-06,2024-08-06,2.0,Italy,126,31.285714285714285,2,1,1,4,1,Loyal Customers
12153,109,5,283.82,2024-07-10,2024-08-23,5.315789473684211,United Kingdom,153,677.0869281045751,2,3,3,8,1,Loyal Customers
12154,40,1,82.0,2024-10-31,2024-10-31,8.0,United Kingdom,40,748.2499999999999,3,1,1,5,1,Loyal Customers
12155,117,3,133.09,2024-08-07,2024-08-15,5.875,United Kingdom,125,388.62280000000004,2,2,2,6,1,Loyal Customers
12156,2,24,1724.6,2023-12-09,2024-12-08,8.166666666666666,Italy,367,1715.201634877384,5,5,5,15,0,Champions
12157,280,1,78.63,2024-03-05,2024-03-05,7.166666666666667,France,280,102.49982142857142,1,1,1,3,2,Potential Loyalists
12158,170,6,450.3,2023-12-21,2024-06-23,6.681818181818182,United Kingdom,355,462.98450704225354,2,3,3,8,1,Loyal Customers
12159,38,17,1514.99,2023-12-13,2024-11-02,7.82258064516129,United Kingdom,363,1523.3370523415979,3,5,5,13,0,Champions
12160,87,5,298.82,2024-01-23,2024-09-14,5.473684210526316,Spain,322,338.7245341614907,2,3,3,8,1,Loyal Customers
12161,21,2,132.19,2024-11-02,2024-11-19,4.625,United Kingdom,38,1269.7197368421052,4,2,2,8,1,Loyal Customers
12162,286,3,217.18,2023-12-22,2024-02-28,7.0,Spain,354,223.92853107344632,1,2,3,6,2,Potential Loyalists
12163,98,8,580.69,2023-12-15,2024-09-03,6.96875,Germany,361,587.1242382271469,2,3,3,8,1,Loyal Customers
12164,110,4,131.76,2024-04-21,2024-08-22,6.75,United Kingdom,233,206.40515021459225,2,3,2,7,1,Loyal Customers
12165,31,15,1243.54,2023-12-01,2024-11-09,8.06,Spain,375,1210.3789333333334,3,4,4,11,0,Champions
12166,20,26,2560.46,2023-12-08,2024-11-20,8.209090909090909,United Kingdom,368,2539.5866847826087,4,5,5,14,0,Champions
12167,30,23,2262.14,2023-12-19,2024-11-10,8.021052631578947,United Kingdom,357,2312.8322128851537,3,5,5,13,0,Champions
12168,264,3,242.02,2024-02-09,2024-03-21,7.25,France,305,289.6304918032787,1,2,3,6,2,Potential Loyalists
12169,105,5,318.51,2024-04-14,2024-08-27,6.333333333333333,United Kingdom,240,484.40062499999993,2,3,3,8,1,Loyal Customers
12170,107,3,194.78,2024-07-08,2024-08-25,6.7,United Kingdom,155,458.67548387096775,2,2,2,6,1,Loyal Customers
12171,18,10,552.54,2024-05-27,2024-11-22,6.371428571428571,United Kingdom,197,1023.7416243654822,4,4,3,11,0,Champions
12172,35,15,1491.14,2024-02-10,2024-11-05,7.983606557377049,Germany,304,1790.3490131578947,3,4,5,12,0,Champions
12173,36,1,3.75,2024-11-04,2024-11-04,1.0,United Kingdom,36,38.020833333333336,3,1,1,5,1,Loyal Customers
12174,29,13,1455.36,2023-12-11,2024-11-11,8.607142857142858,Germany,365,1455.36,3,4,5,12,0,Champions
12175,133,4,190.63,2024-04-22,2024-07-30,6.6923076923076925,Ireland,232,299.9135775862069,2,3,2,7,1,Loyal Customers
12176,15,1,38.11,2024-11-25,2024-11-25,4.25,United Kingdom,15,927.3433333333334,5,1,1,7,1,Loyal Customers
12177,18,30,2748.61,2023-12-01,2024-11-22,8.094488188976378,France,375,2675.3137333333334,4,5,5,14,0,Champions
12178,17,20,1830.46,2023-12-08,2024-11-23,8.091954022988507,Germany,368,1815.5377717391307,4,5,5,14,0,Champions
12179,194,3,204.05,2024-02-18,2024-05-30,5.8,Germany,296,251.61570945945948,2,2,2,6,2,Potential Loyalists
12180,32,16,1183.73,2023-12-19,2024-11-08,8.241379310344827,France,357,1210.256162464986,3,5,4,12,0,Champions
12181,114,8,525.16,2023-12-14,2024-08-18,5.378378378378378,United Kingdom,362,529.5121546961325,2,3,3,8,1,Loyal Customers
12182,261,1,82.2,2024-03-24,2024-03-24,6.166666666666667,United Kingdom,261,114.95402298850576,1,1,1,3,2,Potential Loyalists
12183,273,3,242.0,2024-02-29,2024-03-12,5.75,Belgium,285,309.9298245614035,1,2,3,6,2,Potential Loyalists
12184,20,13,819.09,2024-04-05,2024-11-20,7.65,United Kingdom,249,1200.6740963855423,4,4,4,12,0,Champions
12185,13,17,1437.99,2023-12-09,2024-11-27,8.017543859649123,United Kingdom,367,1430.1535422343325,5,5,5,15,0,Champions
12186,10,18,1127.46,2023-12-18,2024-11-30,7.127272727272727,France,358,1149.5053072625699,5,5,4,14,0,Champions
12187,11,33,2682.21,2023-12-02,2024-11-29,7.767441860465116,United Kingdom,374,2617.6648395721927,5,5,5,15,0,Champions
12188,315,3,193.66,2023-12-03,2024-01-30,5.714285714285714,United Kingdom,373,189.50643431635388,1,2,2,5,2,Potential Loyalists
12189,294,1,107.95,2024-02-20,2024-02-20,6.714285714285714,United Kingdom,294,134.01955782312928,1,1,2,4,2,Potential Loyalists
12190,10,39,3848.92,2023-12-01,2024-11-30,8.735099337748345,France,375,3746.282133333333,5,5,5,15,0,Champions
12191,17,2,33.18,2024-11-22,2024-11-23,2.6666666666666665,Ireland,18,672.8166666666666,4,2,1,7,1,Loyal Customers
12192,12,1,20.3,2024-11-28,2024-11-28,3.333333333333333,Netherlands,12,617.4583333333334,5,1,1,7,1,Loyal Customers
12193,18,11,923.16,2024-02-29,2024-11-22,8.342105263157896,United Kingdom,285,1182.2926315789473,4,4,4,12,0,Champions
12194,60,1,71.05,2024-10-11,2024-10-11,6.25,Netherlands,60,432.2208333333333,2,1,1,4,1,Loyal Customers
12195,246,3,318.97,2024-01-14,2024-04-08,6.357142857142857,United Kingdom,331,351.7342900302115,1,2,3,6,2,Potential Loyalists
12196,21,12,1035.34,2023-12-26,2024-11-19,8.673913043478262,Netherlands,350,1079.7117142857144,4,4,4,12,0,Champions
12197,33,8,550.64,2024-05-19,2024-11-07,7.827586206896552,Portugal,205,980.4078048780486,3,3,3,9,0,Champions
12198,253,3,103.6,2024-01-18,2024-04-01,6.571428571428571,United Kingdom,327,115.63914373088684,1,2,2,5,2,Potential Loyalists
12199,25,2,240.07,2024-11-02,2024-11-15,5.25,Spain,38,2305.935526315789,4,2,3,9,1,Loyal Customers
12200,7,32,3117.52,2023-12-01,2024-12-03,7.91044776119403,Belgium,375,3034.386133333333,5,5,5,15,0,Champions
12201,144,4,169.9,2024-05-22,2024-07-19,4.846153846153846,Netherlands,202,306.9975247524753,2,3,2,7,1,Loyal Customers
12202,33,17,1462.22,2023-12-16,2024-11-07,8.546875,Belgium,360,1482.528611111111,3,5,5,13,0,Champions
12203,39,16,1536.82,2023-12-02,2024-11-01,7.625,United Kingdom,374,1499.8377005347595,3,5,5,13,0,Champions
12204,264,1,3.34,2024-03-21,2024-03-21,1.0,United Kingdom,264,4.617803030303031,1,1,1,3,2,Potential Loyalists
12205,19,9,971.62,2024-07-03,2024-11-21,8.05,Italy,160,2216.5081250000003,4,3,4,11,0,Champions
12206,281,2,61.760000000000005,2024-02-07,2024-03-04,5.833333333333333,Germany,307,73.42801302931598,1,2,1,4,2,Potential Loyalists
12207,34,1,30.7,2024-11-06,2024-11-06,2.6,United Kingdom,34,329.5735294117647,3,1,1,5,1,Loyal Customers
12208,41,15,1623.01,2023-12-06,2024-10-30,8.214285714285714,United Kingdom,370,1601.0774324324325,3,4,5,12,0,Champions
12209,18,1,28.05,2024-11-22,2024-11-22,11.0,Spain,18,568.7916666666666,4,1,1,6,1,Loyal Customers
12210,15,1,16.4,2024-11-25,2024-11-25,4.0,Netherlands,15,399.06666666666666,5,1,1,7,1,Loyal Customers
12211,13,27,2832.7200000000003,2023-12-10,2024-11-27,8.231481481481481,United Kingdom,366,2824.980327868853,5,5,5,15,0,Champions
12212,4,25,2230.59,2023-12-06,2024-12-06,7.81,United Kingdom,370,2200.446891891892,5,5,5,15,0,Champions
12213,109,8,546.57,2024-04-05,2024-08-23,6.8125,Belgium,249,801.1969879518074,2,3,3,8,1,Loyal Customers
12214,21,13,1358.0,2023-12-20,2024-11-19,7.65,United Kingdom,356,1392.3314606741574,4,4,4,12,0,Champions
12215,20,17,1455.2,2023-12-21,2024-11-20,7.507692307692308,Spain,355,1496.1915492957748,4,5,5,14,0,Champions
12216,43,2,169.64,2024-09-26,2024-10-28,7.0,United Kingdom,75,825.5813333333333,3,2,2,7,1,Loyal Customers
12217,9,29,2847.82,2023-12-01,2024-12-01,7.653543307086614,France,375,2771.8781333333336,5,5,5,15,0,Champions
12218,12,35,2939.63,2023-12-01,2024-11-28,7.25,Netherlands,375,2861.239866666667,5,5,5,15,0,Champions
12219,26,1,22.450000000000003,2024-11-14,2024-11-14,6.0,United Kingdom,26,315.1634615384616,4,1,1,6,1,Loyal Customers
12220,15,21,2008.69,2023-12-10,2024-11-25,7.377777777777778,Australia,366,2003.201775956284,5,5,5,15,0,Champions
12221,13,11,1045.01,2023-12-10,2024-11-27,8.097560975609756,United Kingdom,366,1042.154781420765,5,4,4,13,0,Champions
12222,244,1,6.78,2024-04-10,2024-04-10,2.0,Portugal,244,10.1422131147541,1,1,1,3,2,Potential Loyalists
12223,223,1,97.8,2024-05-01,2024-05-01,6.8,Spain,223,160.07623318385652,1,1,1,3,2,Potential Loyalists
12224,45,9,859.06,2024-02-26,2024-10-26,8.146341463414634,United Kingdom,288,1088.739236111111,3,3,4,10,0,Champions
12225,29,1,91.44,2024-11-11,2024-11-11,10.0,Germany,29,1150.8827586206896,3,1,1,5,1,Loyal Customers
12226,86,5,480.27,2024-03-27,2024-09-15,6.904761904761905,Belgium,258,679.4517441860465,2,3,3,8,1,Loyal Customers
12227,14,22,2144.44,2023-12-04,2024-11-26,7.813186813186813,United Kingdom,372,2104.0876344086023,5,5,5,15,0,Champions
12228,19,22,1990.07,2023-12-11,2024-11-21,8.63855421686747,United Kingdom,365,1990.07,4,5,5,14,0,Champions
12229,27,33,3006.91,2023-12-03,2024-11-13,7.814814814814815,United Kingdom,373,2942.4186327077746,4,5,5,14,0,Champions
12230,23,33,3084.56,2023-12-02,2024-11-17,8.333333333333334,France,374,3010.3326203208558,4,5,5,14,0,Champions
12231,21,1,52.620000000000005,2024-11-19,2024-11-19,4.5,Germany,21,914.5857142857143,4,1,1,6,1,Loyal Customers
12232,281,1,20.35,2024-03-04,2024-03-04,11.0,United Kingdom,281,26.433274021352318,1,1,1,3,2,Potential Loyalists
12233,36,13,1148.99,2023-12-13,2024-11-04,7.826923076923077,Ireland,363,1155.320523415978,3,4,4,11,0,Champions
12234,27,14,987.22,2023-12-21,2024-11-13,7.340425531914893,Italy,355,1015.0290140845071,4,4,4,12,0,Champions
12235,9,29,2799.26,2023-12-01,2024-12-01,8.621621621621621,Italy,375,2724.613066666667,5,5,5,15,0,Champions
12236,9,30,2868.33,2023-12-01,2024-12-01,7.983333333333333,Belgium,375,2791.8412,5,5,5,15,0,Champions
12237,131,7,459.5700000000001,2024-04-05,2024-08-01,7.3,Australia,249,673.6668674698797,2,3,3,8,1,Loyal Customers
12238,15,26,2699.93,2023-12-02,2024-11-25,8.548076923076923,Germany,374,2634.958422459893,5,5,5,15,0,Champions
12239,276,1,84.1,2024-03-09,2024-03-09,5.666666666666667,United Kingdom,276,111.21920289855072,1,1,1,3,2,Potential Loyalists
12240,33,1,88.27,2024-11-07,2024-11-07,7.0,France,33,976.3196969696969,3,1,1,5,1,Loyal Customers
12241,108,7,481.14,2024-02-03,2024-08-24,6.033333333333333,Germany,311,564.6819935691318,2,3,3,8,1,Loyal Customers
12242,88,6,500.15,2024-04-07,2024-09-13,5.571428571428571,Belgium,247,739.0880566801619,2,3,3,8,1,Loyal Customers
12243,32,21,1680.95,2023-12-01,2024-11-08,7.302325581395348,United Kingdom,375,1636.1246666666668,3,5,5,13,0,Champions
12244,331,1,7.699999999999999,2024-01-14,2024-01-14,3.0,Belgium,331,8.490936555891238,1,1,1,3,2,Potential Loyalists
12245,78,4,170.64,2024-05-30,2024-09-23,6.7,Germany,194,321.04948453608245,2,3,2,7,1,Loyal Customers
12246,43,14,1332.94,2023-12-02,2024-10-28,8.48076923076923,United Kingdom,374,1300.8639037433154,3,4,4,11,0,Champions
12247,137,5,206.22,2024-06-19,2024-07-26,5.466666666666667,United Kingdom,174,432.5879310344828,2,3,2,7,1,Loyal Customers
12248,74,5,224.38,2024-05-13,2024-09-27,4.705882352941177,United Kingdom,211,388.14549763033176,2,3,3,8,1,Loyal Customers
12249,329,1,68.07,2024-01-16,2024-01-16,4.6,Australia,329,75.51838905775075,1,1,1,3,2,Potential Loyalists
12250,15,1,50.6,2024-11-25,2024-11-25,4.2,United Kingdom,15,1231.2666666666667,5,1,1,7,1,Loyal Customers
12251,35,8,430.41,2023-12-04,2024-11-05,6.130434782608695,Netherlands,372,422.3108870967742,3,3,3,9,0,Champions
12252,18,2,141.28,2024-11-03,2024-11-22,6.555555555555555,United Kingdom,37,1393.708108108108,4,2,2,8,1,Loyal Customers
12253,363,1,19.0,2023-12-13,2023-12-13,3.6666666666666665,Netherlands,363,19.104683195592287,1,1,1,3,2,Potential Loyalists
12254,208,3,176.88,2024-03-25,2024-05-16,5.866666666666666,Spain,260,248.31230769230768,1,2,2,5,2,Potential Loyalists
12255,20,2,264.64,2024-09-22,2024-11-20,7.363636363636363,United Kingdom,79,1222.7037974683544,4,2,3,9,1,Loyal Customers
12256,325,1,40.95,2024-01-20,2024-01-20,7.0,Ireland,325,45.99,1,1,1,3,2,Potential Loyalists
12257,14,39,3129.19,2023-12-01,2024-11-26,7.529411764705882,United Kingdom,375,3045.744933333334,5,5,5,15,0,Champions
12258,24,9,1065.51,2024-02-24,2024-11-16,8.744186046511627,Netherlands,290,1341.0729310344827,4,3,4,11,0,Champions
12259,271,1,42.120000000000005,2024-03-14,2024-03-14,6.0,United Kingdom,271,56.72988929889299,1,1,1,3,2,Potential Loyalists
12260,83,6,304.31,2024-03-08,2024-09-18,5.88,United Kingdom,277,400.9861010830325,2,3,3,8,1,Loyal Customers
12261,260,3,400.67,2024-01-23,2024-03-25,6.277777777777778,Ireland,322,454.17562111801243,1,2,3,6,2,Potential Loyalists
12262,337,2,52.07,2024-01-06,2024-01-08,2.4285714285714284,United Kingdom,339,56.063569321533926,1,2,1,4,2,Potential Loyalists
12263,126,7,303.39,2023-12-04,2024-08-06,6.823529411764706,United Kingdom,372,297.6810483870968,2,3,3,8,1,Loyal Customers
12264,14,27,2588.73,2023-12-03,2024-11-26,7.964601769911504,Ireland,373,2533.20764075067,5,5,5,15,0,Champions
12265,319,3,228.83,2023-12-17,2024-01-26,6.181818181818182,Australia,359,232.65445682451255,1,2,3,6,2,Potential Loyalists
12266,374,1,87.9,2023-12-02,2023-12-02,7.428571428571429,Germany,374,85.78475935828878,1,1,1,3,2,Potential Loyalists
12267,120,1,114.69,2024-08-12,2024-08-12,6.571428571428571,Portugal,120,348.84875,2,1,2,5,1,Loyal Customers
12268,354,3,176.16,2023-12-12,2023-12-22,5.928571428571429,United Kingdom,364,176.64395604395605,1,2,2,5,2,Potential Loyalists
12269,108,4,362.27,2024-06-07,2024-08-24,6.363636363636363,United Kingdom,186,710.9061827956989,2,3,3,8,1,Loyal Customers
12270,311,3,320.03000000000003,2024-01-15,2024-02-03,6.4,Germany,330,353.9725757575758,1,2,3,6,2,Potential Loyalists
12271,41,12,1282.89,2023-12-17,2024-10-30,8.4,France,359,1304.3310584958217,3,4,4,11,0,Champions
12272,41,1,25.4,2024-10-30,2024-10-30,2.6666666666666665,United Kingdom,41,226.1219512195122,3,1,1,5,1,Loyal Customers
12273,18,28,2958.4700000000003,2023-12-03,2024-11-22,7.896,France,373,2895.017560321716,4,5,5,14,0,Champions
12274,124,4,437.42,2024-03-07,2024-08-08,6.777777777777778,Netherlands,278,574.3104316546763,2,3,3,8,1,Loyal Customers
12275,130,7,497.75,2023-12-27,2024-08-02,5.758620689655173,Ireland,349,520.5694842406876,2,3,3,8,1,Loyal Customers
12276,114,6,351.81,2024-03-27,2024-08-18,5.125,Germany,258,497.71569767441855,2,3,3,8,1,Loyal Customers
12277,227,1,47.86,2024-04-27,2024-04-27,8.0,United Kingdom,227,76.95550660792952,1,1,1,3,2,Potential Loyalists
12278,35,12,834.28,2023-12-09,2024-11-05,7.318181818181818,United Kingdom,367,829.733514986376,3,4,4,11,0,Champions
12279,12,2,146.45000000000002,2024-10-29,2024-11-28,6.125,Germany,42,1272.7202380952383,5,2,2,9,1,Loyal Customers
12280,47,1,49.7,2024-10-24,2024-10-24,4.666666666666667,United Kingdom,47,385.968085106383,2,1,1,4,1,Loyal Customers
12281,31,14,1179.96,2023-12-10,2024-11-09,7.392156862745098,United Kingdom,366,1176.7360655737705,3,4,4,11,0,Champions
12282,45,14,1100.71,2023-12-10,2024-10-26,6.803571428571429,Germany,366,1097.7025956284153,3,4,4,11,0,Champions
12283,45,13,1259.43,2023-12-20,2024-10-26,8.24,United Kingdom,356,1291.2695224719102,3,4,4,11,0,Champions
12284,348,2,113.26,2023-12-15,2023-12-28,6.0,United Kingdom,361,114.51495844875346,1,2,2,5,2,Potential Loyalists
12285,93,5,256.86,2024-08-04,2024-09-08,6.153846153846154,Netherlands,128,732.4523437500001,2,3,3,8,1,Loyal Customers
12286,53,13,1326.53,2024-05-15,2024-10-18,7.56140350877193,Germany,209,2316.6672248803825,2,4,4,10,0,Champions
12287,277,3,226.05,2024-01-24,2024-03-08,5.666666666666667,Portugal,321,257.03504672897196,1,2,3,6,2,Potential Loyalists
12288,23,10,980.45,2024-06-16,2024-11-17,7.411764705882353,Portugal,177,2021.8319209039548,4,4,4,12,0,Champions
12289,115,3,112.08,2024-06-02,2024-08-17,6.666666666666667,United Kingdom,191,214.18429319371728,2,2,2,6,1,Loyal Customers
12290,154,5,282.79,2024-04-09,2024-07-09,4.533333333333333,Australia,245,421.29938775510203,2,3,3,8,1,Loyal Customers
12291,83,6,214.25,2024-06-08,2024-09-18,6.2,United Kingdom,185,422.7094594594595,2,3,2,7,1,Loyal Customers
12292,33,1,43.85,2024-11-07,2024-11-07,4.0,United Kingdom,33,485.0075757575758,3,1,1,5,1,Loyal Customers
12293,5,17,1462.83,2023-12-11,2024-12-05,8.491803278688524,United Kingdom,365,1462.83,5,5,5,15,0,Champions
12294,46,8,496.64,2024-01-01,2024-10-25,8.48,United Kingdom,344,526.9581395348838,3,3,3,9,0,Champions
12295,41,14,1107.63,2023-12-20,2024-10-30,7.423076923076923,France,356,1135.6318820224722,3,4,4,11,0,Champions
12296,16,14,1667.87,2023-12-01,2024-11-24,7.4520547945205475,United Kingdom,375,1623.3934666666667,4,4,5,13,0,Champions
12297,361,1,140.88,2023-12-15,2023-12-15,6.166666666666667,United Kingdom,361,142.4409972299169,1,1,2,4,2,Potential Loyalists
12298,13,2,149.42000000000002,2024-07-28,2024-11-27,5.875,United Kingdom,135,403.98740740740743,5,2,2,9,1,Loyal Customers
12299,10,10,1012.99,2023-12-08,2024-11-30,9.13953488372093,United Kingdom,368,1004.731929347826,5,4,4,13,0,Champions
12300,43,12,976.85,2023-12-24,2024-10-28,7.595744680851064,United Kingdom,352,1012.9268465909091,3,4,4,11,0,Champions
12301,25,11,960.21,2024-01-31,2024-11-15,7.166666666666667,United Kingdom,314,1116.1676751592356,4,4,4,12,0,Champions
12302,12,11,1314.07,2024-02-24,2024-11-28,8.956521739130435,United Kingdom,290,1653.9156896551724,5,4,4,13,0,Champions
12303,35,17,1031.05,2023-12-11,2024-11-05,8.46808510638298,United Kingdom,365,1031.05,3,5,4,12,0,Champions
12304,103,7,336.55,2024-04-01,2024-08-29,5.619047619047619,France,253,485.5365612648221,2,3,3,8,1,Loyal Customers
12305,14,24,2663.29,2023-12-01,2024-11-26,8.91,Netherlands,375,2592.2689333333333,5,5,5,15,0,Champions
12306,14,2,235.34,2024-10-26,2024-11-26,7.285714285714286,United Kingdom,45,1908.868888888889,5,2,3,10,1,Loyal Customers
12307,226,3,292.84000000000003,2024-04-03,2024-04-28,5.421052631578948,Portugal,251,425.8430278884463,1,2,3,6,2,Potential Loyalists
12308,5,30,2467.23,2023-12-03,2024-12-05,7.590909090909091,United Kingdom,373,2414.3135388739947,5,5,5,15,0,Champions
12309,362,3,189.98,2023-12-08,2023-12-14,6.769230769230769,Spain,368,188.43125,1,2,2,5,2,Potential Loyalists
12310,35,8,696.95,2024-07-21,2024-11-05,7.878787878787879,United Kingdom,142,1791.4559859154933,3,3,3,9,0,Champions
12311,35,17,1771.23,2023-12-06,2024-11-05,8.535211267605634,United Kingdom,370,1747.2944594594594,3,5,5,13,0,Champions
12312,34,2,53.3,2024-08-28,2024-11-06,5.333333333333333,United Kingdom,104,187.06249999999997,3,2,1,6,1,Loyal Customers
12313,131,5,403.93,2024-05-27,2024-08-01,6.647058823529412,Spain,197,748.3982233502538,2,3,3,8,1,Loyal Customers
12314,6,17,1414.16,2023-12-04,2024-12-04,7.701492537313433,United Kingdom,372,1387.5494623655916,5,5,5,15,0,Champions
12315,33,2,190.94,2024-09-10,2024-11-07,6.111111111111111,Belgium,91,765.8582417582417,3,2,2,7,1,Loyal Customers
12316,131,7,717.38,2023-12-04,2024-08-01,6.75,United Kingdom,372,703.8809139784946,2,3,3,8,1,Loyal Customers
12317,9,22,2279.33,2023-12-14,2024-12-01,8.13265306122449,United Kingdom,362,2298.219475138121,5,5,5,15,0,Champions
12318,86,6,424.9,2024-04-09,2024-09-15,6.521739130434782,United Kingdom,245,633.0142857142857,2,3,3,8,1,Loyal Customers
12319,16,16,1426.44,2023-12-24,2024-11-24,8.293103448275861,United Kingdom,352,1479.121022727273,4,5,5,14,0,Champions
12320,22,23,2177.78,2023-12-06,2024-11-18,8.420454545454545,United Kingdom,370,2148.350540540541,4,5,5,14,0,Champions
12321,58,9,855.99,2023-12-01,2024-10-13,7.292682926829267,United Kingdom,375,833.1636000000001,2,3,4,9,0,Champions
12322,19,35,3412.68,2023-12-02,2024-11-21,8.368055555555555,Belgium,374,3330.5566844919786,4,5,5,14,0,Champions
12323,106,3,237.89,2024-07-18,2024-08-26,5.818181818181818,France,145,598.8265517241379,2,2,3,7,1,Loyal Customers
12324,44,1,40.14,2024-10-27,2024-10-27,4.4,United Kingdom,44,332.9795454545454,3,1,1,5,1,Loyal Customers
12325,18,32,3230.21,2023-12-09,2024-11-22,8.464285714285714,United Kingdom,367,3212.606675749319,4,5,5,14,0,Champions
12326,121,8,418.43,2023-12-23,2024-08-11,6.038461538461538,Spain,353,432.6542492917847,2,3,3,8,1,Loyal Customers
12327,108,6,197.18,2023-12-08,2024-08-24,5.714285714285714,United Kingdom,368,195.57255434782607,2,3,2,7,1,Loyal Customers
12328,30,13,1051.86,2023-12-10,2024-11-10,7.571428571428571,United Kingdom,366,1048.9860655737705,3,4,4,11,0,Champions
12329,43,2,214.28,2024-10-06,2024-10-28,6.0,Germany,65,1203.2646153846154,3,2,2,7,1,Loyal Customers
12330,44,14,1174.59,2023-12-08,2024-10-27,7.388888888888889,Australia,368,1165.0145380434783,3,4,4,11,0,Champions
12331,32,2,110.13,2024-10-29,2024-11-08,4.6,United Kingdom,42,957.0821428571428,3,2,2,7,1,Loyal Customers
12332,17,19,1445.07,2023-12-01,2024-11-23,7.6923076923076925,United Kingdom,375,1406.5348,4,5,5,14,0,Champions
12333,28,10,1133.35,2023-12-09,2024-11-12,8.02,United Kingdom,367,1127.1737057220707,4,4,4,12,0,Champions
12334,24,15,1436.53,2023-12-17,2024-11-16,7.260869565217392,United Kingdom,359,1460.5388579387188,4,4,5,13,0,Champions
12335,23,17,1378.8300000000002,2023-12-04,2024-11-17,7.076923076923077,Belgium,372,1352.8842741935487,4,5,4,13,0,Champions
12336,3,27,2505.75,2023-12-01,2024-12-07,8.636363636363637,United Kingdom,375,2438.9300000000003,5,5,5,15,0,Champions
12337,89,4,216.89,2024-01-18,2024-09-12,6.214285714285714,Australia,327,242.09434250764522,2,3,3,8,1,Loyal Customers
12338,16,22,2130.64,2023-12-06,2024-11-24,8.845238095238095,United Kingdom,370,2101.8475675675672,4,5,5,14,0,Champions
12339,278,3,318.46,2024-01-08,2024-03-07,6.071428571428571,Ireland,337,344.9195845697329,1,2,3,6,2,Potential Loyalists
12340,327,3,109.42,2023-12-26,2024-01-18,3.8181818181818175,United Kingdom,350,114.10942857142857,1,2,2,5,2,Potential Loyalists
12341,25,15,1303.1,2024-02-14,2024-11-15,8.016949152542374,France,300,1585.4383333333333,4,4,4,12,0,Champions
12342,372,2,188.68,2023-12-04,2023-12-04,5.636363636363637,Germany,372,185.1295698924731,1,2,2,5,2,Potential Loyalists
12343,72,6,641.01,2024-04-19,2024-09-29,6.264705882352941,United Kingdom,235,995.6112765957446,2,3,3,8,1,Loyal Customers
12344,24,2,111.1,2024-11-07,2024-11-16,4.714285714285714,United Kingdom,33,1228.8333333333333,4,2,2,8,1,Loyal Customers
12345,39,16,1323.96,2023-12-11,2024-11-01,7.7,United Kingdom,365,1323.96,3,5,4,12,0,Champions
12346,132,3,188.15,2024-07-11,2024-07-31,6.090909090909091,United Kingdom,152,451.80756578947376,2,2,2,6,1,Loyal Customers
12347,36,15,1137.92,2023-12-25,2024-11-04,8.236363636363636,Germany,351,1183.3071225071226,3,4,4,11,0,Champions
12348,39,10,599.27,2024-04-07,2024-11-01,8.233333333333333,Germany,247,885.560931174089,3,4,3,10,0,Champions
12349,31,17,1708.09,2023-12-06,2024-11-09,7.855072463768116,United Kingdom,370,1685.0077027027028,3,5,5,13,0,Champions
12350,138,7,485.71,2023-12-09,2024-07-25,6.678571428571429,United Kingdom,367,483.06307901907354,2,3,3,8,1,Loyal Customers
12351,23,16,1353.75,2023-12-05,2024-11-17,7.78125,United Kingdom,371,1331.8564690026953,4,5,4,13,0,Champions
12352,27,23,2458.93,2023-12-09,2024-11-13,8.291666666666666,Australia,367,2445.5298365122617,4,5,5,14,0,Champions
12353,15,12,1503.21,2023-12-19,2024-11-25,8.527272727272727,Netherlands,357,1536.8953781512607,5,4,5,14,0,Champions
12354,14,12,838.59,2023-12-19,2024-11-26,9.533333333333331,France,357,857.3819327731093,5,4,4,13,0,Champions
12355,29,1,150.60000000000002,2024-11-11,2024-11-11,6.666666666666667,Germany,29,1895.4827586206898,3,1,2,6,1,Loyal Customers
12356,83,8,525.79,2023-12-04,2024-09-18,5.84375,United Kingdom,372,515.8961021505376,2,3,3,8,1,Loyal Customers
12357,20,14,1241.7,2023-12-19,2024-11-20,8.54,Portugal,357,1269.5252100840337,4,4,4,12,0,Champions
12358,283,2,130.45,2024-01-30,2024-03-02,5.25,Italy,315,151.15634920634918,1,2,2,5,2,Potential Loyalists
12359,13,17,1591.99,2023-12-02,2024-11-27,8.186440677966102,Spain,374,1553.6800802139037,5,5,5,15,0,Champions
12360,297,3,140.59,2024-01-20,2024-02-17,6.363636363636363,United Kingdom,325,157.89338461538463,1,2,2,5,2,Potential Loyalists
12361,28,22,2009.64,2023-12-06,2024-11-12,7.626506024096385,Spain,370,1982.482702702703,4,5,5,14,0,Champions
12362,112,4,121.7,2023-12-08,2024-08-20,4.666666666666667,Ireland,368,120.70788043478261,2,3,2,7,1,Loyal Customers
12363,30,14,1210.37,2023-12-05,2024-11-10,8.185185185185185,Netherlands,371,1190.7952830188678,3,4,4,11,0,Champions
12364,33,15,1306.82,2023-12-05,2024-11-07,8.428571428571429,United Kingdom,371,1285.6854447439352,3,4,4,11,0,Champions
12365,20,15,1144.73,2023-12-08,2024-11-20,7.237288135593221,Netherlands,368,1135.3979619565216,4,4,4,12,0,Champions
12366,36,2,194.28,2024-08-16,2024-11-04,7.857142857142857,United Kingdom,116,611.3120689655173,3,2,2,7,1,Loyal Customers
12367,41,10,899.63,2024-05-06,2024-10-30,8.025,Ireland,218,1506.2612385321102,3,4,4,11,0,Champions
12368,40,17,1486.75,2023-12-16,2024-10-31,8.666666666666666,Netherlands,360,1507.3993055555557,3,5,5,13,0,Champions
12369,142,3,285.08,2024-06-02,2024-07-21,8.0,United Kingdom,191,544.7863874345549,2,2,3,7,1,Loyal Customers
12370,105,5,537.71,2024-03-24,2024-08-27,6.36,United Kingdom,261,751.9699233716476,2,3,3,8,1,Loyal Customers
12371,11,1,40.48,2024-11-29,2024-11-29,4.0,United Kingdom,11,1343.1999999999998,5,1,1,7,1,Loyal Customers
12372,21,12,1198.2,2023-12-07,2024-11-19,8.893617021276595,Belgium,369,1185.2113821138212,4,4,4,12,0,Champions
12373,20,9,1046.99,2023-12-16,2024-11-20,8.55813953488372,United Kingdom,360,1061.531527777778,4,3,4,11,0,Champions
12374,337,1,17.0,2024-01-08,2024-01-08,4.0,Germany,337,18.412462908011868,1,1,1,3,2,Potential Loyalists
12375,17,28,2743.06,2023-12-05,2024-11-23,7.991803278688525,Portugal,371,2698.6978436657682,4,5,5,14,0,Champions
12376,13,1,43.05,2024-11-27,2024-11-27,5.0,United Kingdom,13,1208.7115384615383,5,1,1,7,1,Loyal Customers
12377,23,17,1580.8,2023-12-02,2024-11-17,8.185714285714285,Netherlands,374,1542.75935828877,4,5,5,14,0,Champions
12378,14,2,79.97,2024-11-19,2024-11-26,5.5,United Kingdom,21,1389.9547619047619,5,2,1,8,1,Loyal Customers
12379,298,1,13.89,2024-02-16,2024-02-16,3.0,Netherlands,298,17.012919463087247,1,1,1,3,2,Potential Loyalists
12380,24,8,735.12,2024-02-23,2024-11-16,7.368421052631579,United Kingdom,291,922.0577319587629,4,3,3,10,0,Champions
12381,7,17,1224.11,2023-12-29,2024-12-03,7.924528301886792,Spain,347,1287.608501440922,5,5,4,14,0,Champions
12382,6,37,3372.75,2023-12-03,2024-12-04,7.680851063829787,Germany,373,3300.4121983914206,5,5,5,15,0,Champions
12383,23,2,97.92,2024-09-16,2024-11-17,5.111111111111111,Ireland,85,420.47999999999996,4,2,1,7,1,Loyal Customers
12384,21,14,915.13,2023-12-06,2024-11-19,7.76595744680851,Netherlands,370,902.7633783783783,4,4,4,12,0,Champions
12385,5,28,2563.87,2023-12-03,2024-12-05,7.854368932038835,Ireland,373,2508.880831099196,5,5,5,15,0,Champions
12386,24,16,1891.93,2024-01-19,2024-11-16,8.445945945945946,United Kingdom,326,2118.26518404908,4,5,5,14,0,Champions
12387,23,2,68.28,2024-10-20,2024-11-17,6.5,United Kingdom,51,488.67058823529413,4,2,1,7,1,Loyal Customers
12388,29,9,877.98,2024-02-08,2024-11-11,7.8,Spain,306,1047.263725490196,3,4,4,11,0,Champions
12389,10,1,148.2,2024-11-30,2024-11-30,6.0,France,10,5409.299999999999,5,1,2,8,1,Loyal Customers
12390,9,2,98.67,2024-11-23,2024-12-01,5.875,United Kingdom,17,2118.502941176471,5,2,1,8,1,Loyal Customers
12391,46,15,1130.52,2023-12-19,2024-10-25,7.836363636363636,United Kingdom,357,1155.853781512605,3,4,4,11,0,Champions
12392,24,15,1038.07,2023-12-08,2024-11-16,7.320754716981132,Belgium,368,1029.607472826087,4,4,4,12,0,Champions
12393,77,7,436.95,2023-12-09,2024-09-24,5.642857142857143,United Kingdom,367,434.5688010899182,2,3,3,8,1,Loyal Customers
12394,135,3,244.63,2024-07-07,2024-07-28,4.8125,Portugal,156,572.3714743589743,2,2,3,7,1,Loyal Customers
12395,36,15,1491.66,2023-12-11,2024-11-04,7.415384615384616,Germany,365,1491.6600000000003,3,4,5,12,0,Champions
12396,110,7,768.0,2024-05-13,2024-08-22,6.552631578947368,Germany,211,1328.5308056872038,2,3,4,9,1,Loyal Customers
12397,7,38,3519.56,2023-12-04,2024-12-03,8.523809523809524,Ireland,372,3453.3317204301075,5,5,5,15,0,Champions
12398,256,3,152.07999999999998,2023-12-13,2024-03-29,5.5,Germany,363,152.91790633608815,1,2,2,5,2,Potential Loyalists
12399,4,1,17.7,2024-12-06,2024-12-06,3.0,Portugal,4,1615.125,5,1,1,7,1,Loyal Customers
12400,29,2,96.01,2024-10-25,2024-11-11,4.777777777777778,United Kingdom,46,761.8184782608697,3,2,1,6,1,Loyal Customers
12401,99,5,201.84,2024-07-21,2024-09-02,5.571428571428571,Germany,142,518.8140845070423,2,3,2,7,1,Loyal Customers
12402,74,5,328.33,2024-08-16,2024-09-27,5.5,Spain,116,1033.1073275862068,2,3,3,8,1,Loyal Customers
12403,195,3,175.73000000000002,2024-05-09,2024-05-29,5.727272727272728,Portugal,215,298.33232558139537,1,2,2,5,2,Potential Loyalists
12404,102,3,291.6,2024-08-03,2024-08-30,6.636363636363637,United Kingdom,129,825.0697674418604,2,2,3,7,1,Loyal Customers
12405,276,1,18.15,2024-03-09,2024-03-09,4.5,Ireland,276,24.002717391304348,1,1,1,3,2,Potential Loyalists
12406,14,9,781.7,2023-12-19,2024-11-26,8.0,Portugal,357,799.217086834734,5,4,4,13,0,Champions
12407,359,1,1.85,2023-12-17,2023-12-17,1.0,United Kingdom,359,1.8809192200557103,1,1,1,3,2,Potential Loyalists
12408,142,4,280.67,2024-04-17,2024-07-21,6.0,United Kingdom,237,432.25548523206754,2,3,3,8,1,Loyal Customers
12409,11,32,3089.37,2023-12-05,2024-11-29,7.330882352941177,United Kingdom,371,3039.407142857143,5,5,5,15,0,Champions
12410,329,2,245.9,2023-12-28,2024-01-16,5.5,United Kingdom,348,257.91235632183907,1,2,3,6,2,Potential Loyalists
12411,53,8,601.41,2024-05-18,2024-10-18,10.181818181818182,United Kingdom,206,1065.6050970873785,2,3,3,8,0,Champions
12412,98,8,441.28,2024-05-19,2024-09-03,6.142857142857143,Belgium,205,785.6936585365853,2,3,3,8,1,Loyal Customers
12413,12,15,1223.88,2023-12-23,2024-11-28,7.433333333333334,United Kingdom,353,1265.4849858356943,5,4,4,13,0,Champions
12414,30,2,87.65,2024-09-15,2024-11-10,7.333333333333333,United Kingdom,86,372.0029069767442,3,2,1,6,1,Loyal Customers
12415,48,8,887.77,2023-12-18,2024-10-23,8.88888888888889,United Kingdom,358,905.1286312849162,2,3,4,9,0,Champions
12416,28,13,1326.32,2023-12-06,2024-11-12,7.927272727272728,United Kingdom,370,1308.3967567567568,4,4,4,12,0,Champions
12417,94,5,345.89,2024-07-06,2024-09-07,5.458333333333333,United Kingdom,157,804.1391719745222,2,3,3,8,1,Loyal Customers
12418,341,1,79.95,2024-01-04,2024-01-04,6.6,United Kingdom,341,85.57697947214076,1,1,1,3,2,Potential Loyalists
12419,128,8,454.58,2023-12-03,2024-08-04,6.214285714285714,France,373,444.8302949061662,2,3,3,8,1,Loyal Customers
12420,21,26,2212.28,2023-12-01,2024-11-19,7.6421052631578945,France,375,2153.285866666667,4,5,5,14,0,Champions
12421,20,11,802.66,2023-12-12,2024-11-20,7.767441860465116,Italy,364,804.8651098901098,4,4,4,12,0,Champions
12422,10,13,973.43,2023-12-06,2024-11-30,8.35897435897436,United Kingdom,370,960.2755405405404,5,4,4,13,0,Champions
12423,14,18,1486.29,2023-12-05,2024-11-26,7.36231884057971,Australia,371,1462.2529649595688,5,5,5,15,0,Champions
12424,124,3,148.23,2024-07-12,2024-08-08,5.444444444444445,Germany,151,358.3043046357616,2,2,2,6,1,Loyal Customers
12425,19,21,2574.38,2023-12-07,2024-11-21,8.174311926605505,Spain,369,2546.4734417344175,4,5,5,14,0,Champions
12426,11,12,1142.95,2024-02-13,2024-11-29,9.275,Belgium,301,1385.9692691029902,5,4,4,13,0,Champions
12427,36,13,1285.6,2023-12-17,2024-11-04,8.962264150943396,United Kingdom,359,1307.0863509749304,3,4,4,11,0,Champions
12428,5,18,1488.52,2023-12-03,2024-12-05,8.372881355932204,United Kingdom,373,1456.594638069705,5,5,5,15,0,Champions
12429,157,6,332.82,2023-12-02,2024-07-06,6.285714285714286,United Kingdom,374,324.8109625668449,2,3,3,8,1,Loyal Customers
12430,8,1,8.82,2024-12-02,2024-12-02,2.0,United Kingdom,8,402.4125,5,1,1,7,1,Loyal Customers
12431,123,8,363.98,2023-12-03,2024-08-09,5.25925925925926,United Kingdom,373,356.17345844504024,2,3,3,8,1,Loyal Customers
12432,162,4,298.52,2024-03-29,2024-07-01,5.684210526315789,Germany,256,425.62421874999995,2,3,3,8,1,Loyal Customers
12433,42,10,1077.23,2024-03-13,2024-10-29,8.720930232558139,United Kingdom,272,1445.5476102941177,3,4,4,11,0,Champions
12434,230,1,118.5,2024-04-24,2024-04-24,5.833333333333333,Portugal,230,188.05434782608697,1,1,2,4,2,Potential Loyalists
12435,37,11,1344.4,2023-12-19,2024-11-03,8.68,United Kingdom,357,1374.5266106442577,3,4,4,11,0,Champions
12436,21,2,60.23,2024-11-11,2024-11-19,5.0,United Kingdom,29,758.0672413793104,4,2,1,7,1,Loyal Customers
12437,21,30,2601.68,2023-12-03,2024-11-19,7.422764227642276,United Kingdom,373,2545.879892761394,4,5,5,14,0,Champions
12438,13,1,61.32,2024-11-27,2024-11-27,6.4,France,13,1721.6769230769232,5,1,1,7,1,Loyal Customers
12439,20,17,1385.97,2023-12-15,2024-11-20,7.80327868852459,United Kingdom,361,1401.3270083102493,4,5,4,13,0,Champions
12440,41,11,829.19,2023-12-11,2024-10-30,7.625,France,365,829.19,3,4,4,11,0,Champions
12441,10,35,2323.5,2023-12-08,2024-11-30,7.105691056910569,United Kingdom,368,2304.5584239130435,5,5,5,15,0,Champions
12442,35,1,29.65,2024-11-05,2024-11-05,4.333333333333333,United Kingdom,35,309.20714285714286,3,1,1,5,1,Loyal Customers
12443,36,1,124.74,2024-11-04,2024-11-04,4.857142857142857,United Kingdom,36,1264.725,3,1,2,6,1,Loyal Customers
12444,3,39,3607.19,2023-12-01,2024-12-07,8.7265625,United Kingdom,375,3510.998266666667,5,5,5,15,0,Champions
12445,22,1,12.6,2024-11-18,2024-11-18,6.0,Ireland,22,209.04545454545456,4,1,1,6,1,Loyal Customers
12446,344,2,136.63,2023-12-04,2024-01-01,6.3,United Kingdom,372,134.05900537634406,1,2,2,5,2,Potential Loyalists
12447,18,1,142.05,2024-11-22,2024-11-22,5.857142857142857,United Kingdom,18,2880.4583333333335,4,1,2,7,1,Loyal Customers
12448,28,12,960.36,2024-02-24,2024-11-12,8.404761904761905,Belgium,290,1208.7289655172412,4,4,4,12,0,Champions
12449,6,37,2941.29,2023-12-03,2024-12-04,7.484615384615385,United Kingdom,373,2878.2060321715817,5,5,5,15,0,Champions
12450,34,9,757.0500000000001,2024-03-04,2024-11-06,6.625,United Kingdom,281,983.3567615658363,3,4,4,11,0,Champions
12451,30,13,1434.38,2023-12-14,2024-11-10,8.017857142857142,Germany,362,1446.2671270718233,3,4,5,12,0,Champions
12452,125,4,225.21,2024-02-12,2024-08-07,6.916666666666667,Belgium,302,272.1908940397351,2,3,3,8,1,Loyal Customers
12453,350,2,196.64,2023-12-13,2023-12-26,7.555555555555555,United Kingdom,363,197.72341597796142,1,2,2,5,2,Potential Loyalists
12454,37,10,755.1,2023-12-08,2024-11-03,7.194444444444445,United Kingdom,368,748.9442934782609,3,4,4,11,0,Champions
12455,159,5,268.07,2024-02-20,2024-07-04,6.352941176470588,United Kingdom,294,332.8079931972789,2,3,3,8,1,Loyal Customers
12456,30,2,282.5,2024-10-28,2024-11-10,6.833333333333333,United Kingdom,43,2397.9651162790697,3,2,3,8,1,Loyal Customers
12457,69,4,329.90000000000003,2024-08-24,2024-10-02,6.888888888888889,United Kingdom,108,1114.939814814815,2,3,3,8,1,Loyal Customers
12458,46,16,1309.07,2023-12-17,2024-10-25,7.109375,Portugal,359,1330.94860724234,3,5,4,12,0,Champions
12459,7,2,155.82,2024-11-13,2024-12-03,5.111111111111111,United Kingdom,27,2106.4555555555553,5,2,2,9,1,Loyal Customers
12460,213,2,32.15,2024-04-14,2024-05-11,5.25,United Kingdom,240,48.89479166666666,1,2,1,4,2,Potential Loyalists
12461,184,3,71.55,2024-05-14,2024-06-09,4.625,Netherlands,210,124.36071428571428,2,2,1,5,2,Potential Loyalists
12462,100,6,518.59,2024-02-18,2024-09-01,5.538461538461538,United Kingdom,296,639.4775337837839,2,3,3,8,1,Loyal Customers
12463,25,10,758.21,2023-12-23,2024-11-15,7.131578947368421,United Kingdom,353,783.9848441926347,4,4,4,12,0,Champions
12464,19,1,86.15,2024-11-21,2024-11-21,5.666666666666667,United Kingdom,19,1654.9868421052633,4,1,1,6,1,Loyal Customers
12465,31,12,1423.43,2023-12-16,2024-11-09,8.491525423728813,Ireland,360,1443.1998611111112,3,4,5,12,0,Champions
12466,315,1,57.59,2024-01-30,2024-01-30,9.0,United Kingdom,315,66.73126984126985,1,1,1,3,2,Potential Loyalists
12467,29,13,1077.28,2023-12-01,2024-11-11,8.02127659574468,United Kingdom,375,1048.5525333333333,3,4,4,11,0,Champions
12468,10,25,2224.1,2023-12-01,2024-11-30,8.272727272727273,Belgium,375,2164.7906666666663,5,5,5,15,0,Champions
12469,17,38,2717.9500000000003,2023-12-02,2024-11-23,7.819548872180451,Germany,374,2652.5447860962568,4,5,5,14,0,Champions
12470,25,9,1159.53,2024-03-20,2024-11-15,8.673913043478262,Germany,265,1597.0884905660375,4,4,4,12,0,Champions
12471,87,1,46.75,2024-09-14,2024-09-14,11.0,Netherlands,87,196.13505747126436,2,1,1,4,1,Loyal Customers
12472,37,16,1461.64,2024-01-27,2024-11-03,8.661016949152541,United Kingdom,318,1677.6685534591197,3,5,5,13,0,Champions
12473,19,13,1587.5,2024-05-20,2024-11-21,8.931034482758621,Belgium,204,2840.3799019607845,4,4,5,13,0,Champions
12474,282,1,127.45,2024-03-03,2024-03-03,5.8,Germany,282,164.96187943262413,1,1,2,4,2,Potential Loyalists
12475,20,2,229.6,2024-10-20,2024-11-20,6.2,France,51,1643.2156862745098,4,2,3,9,1,Loyal Customers
12476,37,10,969.59,2023-12-14,2024-11-03,7.727272727272727,Belgium,362,977.625276243094,3,4,4,11,0,Champions
12477,103,7,444.89,2023-12-30,2024-08-29,5.67741935483871,United Kingdom,346,469.32037572254336,2,3,3,8,1,Loyal Customers
12478,138,3,407.06,2024-06-07,2024-07-25,7.176470588235294,United Kingdom,186,798.8005376344086,2,3,3,8,1,Loyal Customers
12479,36,9,881.44,2024-05-24,2024-11-04,7.152173913043479,Spain,200,1608.6280000000002,3,4,4,11,0,Champions
12480,15,31,3307.88,2023-12-02,2024-11-25,7.955555555555556,Germany,374,3228.2786096256687,5,5,5,15,0,Champions
12481,27,15,1563.75,2023-12-02,2024-11-13,8.149253731343284,United Kingdom,374,1526.119652406417,4,4,5,13,0,Champions
12482,39,14,1243.37,2023-12-24,2024-11-01,8.711538461538462,United Kingdom,352,1289.2899147727271,3,4,4,11,0,Champions
12483,38,2,168.8,2024-08-27,2024-11-02,7.0,United Kingdom,105,586.7809523809524,3,2,2,7,1,Loyal Customers
12484,89,4,157.72,2024-02-01,2024-09-12,5.25,United Kingdom,313,183.92268370607027,2,3,2,7,1,Loyal Customers
12485,11,2,148.8,2024-10-19,2024-11-29,4.7,Portugal,52,1044.4615384615386,5,2,2,9,1,Loyal Customers
12486,24,2,158.97,2024-10-13,2024-11-16,4.875,United Kingdom,58,1000.4146551724137,4,2,2,8,1,Loyal Customers
12487,14,16,1119.04,2023-12-18,2024-11-26,7.568965517241379,United Kingdom,358,1140.9206703910613,5,5,4,14,0,Champions
12488,98,8,704.3000000000001,2024-03-30,2024-09-03,6.451612903225806,United Kingdom,255,1008.1156862745099,2,3,3,8,1,Loyal Customers
12489,131,7,314.19,2024-02-19,2024-08-01,7.117647058823529,Germany,295,388.7435593220339,2,3,3,8,1,Loyal Customers
12490,6,12,891.28,2023-12-17,2024-12-04,8.236842105263158,Netherlands,359,906.1760445682451,5,4,4,13,0,Champions
12491,16,30,1755.5,2023-12-02,2024-11-24,7.144444444444445,United Kingdom,374,1713.255347593583,4,5,5,14,0,Champions
12492,26,1,112.8,2024-11-14,2024-11-14,6.4,United Kingdom,26,1583.5384615384614,4,1,2,7,1,Loyal Customers
12493,10,1,121.95,2024-11-30,2024-11-30,6.166666666666667,United Kingdom,10,4451.175,5,1,2,8,1,Loyal Customers
12494,32,10,1110.55,2023-12-16,2024-11-08,9.043478260869565,Netherlands,360,1125.9743055555555,3,4,4,11,0,Champions
12495,39,2,103.0,2024-10-14,2024-11-01,7.333333333333333,France,57,659.561403508772,3,2,2,7,1,Loyal Customers
12496,36,17,1327.74,2023-12-24,2024-11-04,7.362068965517241,Germany,352,1376.7758522727272,3,5,4,12,0,Champions
12497,32,17,1386.0,2023-12-16,2024-11-08,7.661971830985915,United Kingdom,360,1405.25,3,5,4,12,0,Champions
12498,272,3,185.54,2024-02-12,2024-03-13,7.666666666666667,United Kingdom,302,224.2453642384106,1,3,2,6,2,Potential Loyalists
12499,249,1,66.57,2024-04-05,2024-04-05,6.333333333333333,United Kingdom,249,97.58253012048192,1,1,1,3,2,Potential Loyalists
12500,40,17,1683.91,2023-12-05,2024-10-31,8.557377049180328,United Kingdom,371,1656.6769541778979,3,5,5,13,0,Champions
12501,247,2,127.45,2024-03-17,2024-04-07,6.375,Spain,268,173.57929104477614,1,2,2,5,2,Potential Loyalists
12502,351,2,108.26,2023-12-12,2023-12-25,6.222222222222222,France,364,108.55741758241759,1,2,2,5,2,Potential Loyalists
12503,79,2,119.2,2024-08-25,2024-09-22,9.5,Ireland,107,406.61682242990656,2,2,2,6,1,Loyal Customers
12504,40,12,1269.56,2024-04-15,2024-10-31,8.48936170212766,United Kingdom,239,1938.8677824267781,3,4,4,11,0,Champions
12505,40,8,798.5400000000001,2023-12-02,2024-10-31,8.212121212121213,Australia,374,779.3237967914439,3,3,4,10,0,Champions
12506,254,3,164.05,2024-02-10,2024-03-31,5.230769230769231,United Kingdom,304,196.96792763157896,1,3,2,6,2,Potential Loyalists
12507,32,1,102.0,2024-11-08,2024-11-08,6.5,Portugal,32,1163.4375,3,1,1,5,1,Loyal Customers
12508,44,16,1390.01,2023-12-01,2024-10-27,8.125,Germany,375,1352.9430666666667,3,5,5,13,0,Champions
12509,311,1,82.12,2024-02-03,2024-02-03,4.8,United Kingdom,311,96.37877813504822,1,1,1,3,2,Potential Loyalists
12510,10,2,158.15,2024-09-23,2024-11-30,5.888888888888889,United Kingdom,78,740.0608974358973,5,2,2,9,1,Loyal Customers
12511,323,2,219.82,2023-12-11,2024-01-22,6.25,Italy,365,219.82,1,2,3,6,2,Potential Loyalists
12512,323,2,155.59,2023-12-24,2024-01-22,4.5,United Kingdom,352,161.3362215909091,1,2,2,5,2,Potential Loyalists
12513,322,2,154.65,2023-12-15,2024-01-23,6.666666666666667,Ireland,361,156.36357340720224,1,2,2,5,2,Potential Loyalists
12514,26,8,596.1,2023-12-30,2024-11-14,7.461538461538462,Netherlands,346,628.8338150289018,4,3,3,10,0,Champions
12515,14,16,1515.95,2023-12-13,2024-11-26,8.132352941176471,Germany,363,1524.3023415977964,5,5,5,15,0,Champions
12516,29,16,1559.45,2023-12-12,2024-11-11,8.694915254237289,United Kingdom,364,1563.7342032967035,3,5,5,13,0,Champions
12517,14,23,2050.14,2023-12-01,2024-11-26,8.564705882352941,France,375,1995.4696,5,5,5,15,0,Champions
12518,12,12,1147.24,2024-04-18,2024-11-28,8.357142857142858,Spain,236,1774.3330508474576,5,4,4,13,0,Champions
12519,24,18,1130.54,2023-12-07,2024-11-16,7.396551724137931,United Kingdom,369,1118.2848238482384,4,5,4,13,0,Champions
12520,125,5,232.73,2024-06-18,2024-08-07,4.5,Netherlands,175,485.40828571428574,2,3,3,8,1,Loyal Customers
12521,50,12,963.17,2023-12-21,2024-10-21,7.586956521739131,Germany,355,990.3015492957746,2,4,4,10,0,Champions
12522,250,1,82.99000000000001,2024-04-04,2024-04-04,6.6,Germany,250,121.1654,1,1,1,3,2,Potential Loyalists
12523,24,13,1201.99,2023-12-19,2024-11-16,7.826923076923077,United Kingdom,357,1228.925350140056,4,4,4,12,0,Champions
12524,228,3,457.01,2024-04-23,2024-04-26,6.882352941176471,United Kingdom,231,722.1153679653679,1,3,3,7,1,Loyal Customers
12525,217,1,6.050000000000001,2024-05-07,2024-05-07,11.0,United Kingdom,217,10.176267281105991,1,1,1,3,2,Potential Loyalists
12526,239,3,78.35,2023-12-28,2024-04-15,5.571428571428571,Netherlands,348,82.17744252873563,1,3,1,5,2,Potential Loyalists
12527,324,3,188.51,2023-12-27,2024-01-21,5.066666666666666,United Kingdom,349,197.15229226361032,1,3,2,6,2,Potential Loyalists
12528,13,1,157.0,2024-11-27,2024-11-27,7.833333333333333,United Kingdom,13,4408.076923076923,5,1,2,8,1,Loyal Customers
12529,154,3,191.59,2024-05-04,2024-07-09,5.538461538461538,Germany,220,317.8652272727273,2,3,2,7,1,Loyal Customers
12530,201,3,113.34,2024-04-14,2024-05-23,5.454545454545454,Australia,240,172.37125,1,3,2,6,2,Potential Loyalists
12531,2,2,161.96,2024-11-27,2024-12-08,5.5,United Kingdom,13,4547.338461538461,5,2,2,9,1,Loyal Customers
12532,80,3,218.75,2024-08-28,2024-09-21,7.7,Spain,104,767.7283653846154,2,3,3,8,1,Loyal Customers
12533,37,15,1438.9,2023-12-10,2024-11-03,6.917808219178082,United Kingdom,366,1434.9685792349728,3,4,5,12,0,Champions
12534,37,16,1727.8200000000002,2023-12-03,2024-11-03,9.155172413793103,United Kingdom,373,1690.762198391421,3,5,5,13,0,Champions
12535,45,8,854.5600000000001,2023-12-07,2024-10-26,8.3,United Kingdom,369,845.2964769647697,3,3,4,10,0,Champions
12536,5,36,3782.76,2023-12-03,2024-12-05,8.10897435897436,United Kingdom,373,3701.6284182305635,5,5,5,15,0,Champions
12537,204,3,78.9,2024-04-13,2024-05-20,4.285714285714286,United Kingdom,241,119.49585062240664,1,3,1,5,2,Potential Loyalists
12538,33,9,838.77,2023-12-29,2024-11-07,9.0625,France,347,882.2796829971182,3,4,4,11,0,Champions
12539,58,15,1417.95,2023-12-13,2024-10-13,8.442622950819672,Portugal,363,1425.7623966942149,2,4,5,11,0,Champions
12540,109,1,44.85,2024-08-23,2024-08-23,7.5,United Kingdom,109,150.18577981651376,2,1,1,4,1,Loyal Customers
12541,142,4,253.04,2024-05-12,2024-07-21,5.1875,Ireland,212,435.65849056603776,2,3,3,8,1,Loyal Customers
12542,346,2,182.43,2023-12-25,2023-12-30,5.75,United Kingdom,351,189.70641025641027,1,2,2,5,2,Potential Loyalists
12543,29,1,315.05,2024-11-11,2024-11-11,6.714285714285714,United Kingdom,29,3965.284482758621,3,1,3,7,1,Loyal Customers
12544,340,2,82.0,2023-12-14,2024-01-05,5.571428571428571,United Kingdom,362,82.67955801104972,1,2,1,4,2,Potential Loyalists
12545,267,2,163.86,2024-01-03,2024-03-18,5.636363636363637,France,342,174.87982456140352,1,2,2,5,2,Potential Loyalists
12546,16,1,134.06,2024-11-24,2024-11-24,7.833333333333333,United Kingdom,16,3058.24375,4,1,2,7,1,Loyal Customers
12547,26,8,655.5600000000001,2023-12-02,2024-11-14,6.484848484848484,United Kingdom,374,639.7844919786097,4,3,3,10,0,Champions
12548,23,12,683.0500000000001,2024-06-13,2024-11-17,6.487179487179487,United Kingdom,180,1385.0736111111112,4,4,3,11,0,Champions
12549,6,2,192.2,2024-09-17,2024-12-04,6.545454545454546,United Kingdom,84,835.1547619047618,5,2,2,9,1,Loyal Customers
12550,19,30,2594.55,2023-12-04,2024-11-21,8.068965517241379,Italy,372,2545.7278225806454,4,5,5,14,0,Champions
12551,321,3,145.39,2023-12-15,2024-01-24,5.538461538461538,Portugal,361,147.00096952908584,1,3,2,6,2,Potential Loyalists
12552,278,2,32.1,2024-02-29,2024-03-07,4.5,United Kingdom,285,41.11052631578948,1,2,1,4,2,Potential Loyalists
12553,29,15,950.94,2023-12-01,2024-11-11,9.0,Spain,375,925.5816000000001,3,4,4,11,0,Champions
12554,8,2,179.61,2024-09-30,2024-12-02,5.5,United Kingdom,71,923.3471830985916,5,2,2,9,1,Loyal Customers
12555,338,1,30.51,2024-01-07,2024-01-07,9.0,United Kingdom,338,32.94718934911243,1,1,1,3,2,Potential Loyalists
12556,43,9,614.09,2023-12-24,2024-10-28,8.833333333333334,United Kingdom,352,636.7694602272727,3,4,3,10,0,Champions
12557,67,8,678.1800000000001,2023-12-09,2024-10-04,7.0,Germany,367,674.4841961852862,2,3,3,8,1,Loyal Customers
12558,16,22,1593.57,2023-12-25,2024-11-24,7.486486486486487,Ireland,351,1657.1311965811965,4,5,5,14,0,Champions
12559,23,16,828.9,2023-12-08,2024-11-17,6.851063829787234,United Kingdom,368,822.1426630434783,4,5,4,13,0,Champions
12560,199,3,298.32,2024-03-02,2024-05-25,7.4,Italy,283,384.7590106007067,1,3,3,7,1,Loyal Customers
12561,209,2,287.27,2024-04-27,2024-05-15,6.5,Netherlands,227,461.90991189427314,1,2,3,6,1,Loyal Customers
12562,14,2,99.24,2024-10-01,2024-11-26,5.75,Germany,70,517.4657142857143,5,2,1,8,1,Loyal Customers
12563,9,35,2777.6800000000003,2023-12-01,2024-12-01,7.76984126984127,United Kingdom,375,2703.6085333333335,5,5,5,15,0,Champions
12564,13,15,1292.94,2024-04-21,2024-11-27,7.86,United Kingdom,233,2025.4210300429186,5,4,4,13,0,Champions
12565,15,2,120.69,2024-09-22,2024-11-25,4.875,United Kingdom,79,557.6183544303797,5,2,2,9,1,Loyal Customers
12566,18,37,3392.37,2023-12-02,2024-11-22,8.10738255033557,United Kingdom,374,3310.7354278074868,4,5,5,14,0,Champions
12567,17,1,86.0,2024-11-23,2024-11-23,5.8,United Kingdom,17,1846.4705882352941,4,1,1,6,1,Loyal Customers
12568,346,2,146.95000000000002,2023-12-30,2023-12-30,5.75,United Kingdom,346,155.01950867052025,1,2,2,5,2,Potential Loyalists
12569,142,8,483.66,2024-03-09,2024-07-21,5.962962962962963,Germany,276,639.6228260869565,2,3,3,8,1,Loyal Customers
12570,327,2,15.65,2024-01-14,2024-01-18,6.333333333333333,United Kingdom,331,17.257552870090635,1,2,1,4,2,Potential Loyalists
12571,12,2,35.85,2024-11-18,2024-11-28,3.333333333333333,Germany,22,594.784090909091,5,2,1,8,1,Loyal Customers
12572,31,8,417.11,2024-06-20,2024-11-09,7.65,Ireland,173,880.0297687861272,3,3,3,9,0,Champions
12573,23,2,174.06,2024-11-01,2024-11-17,5.0,France,39,1629.023076923077,4,2,2,8,1,Loyal Customers
12574,287,1,109.95,2024-02-27,2024-02-27,6.5,Ireland,287,139.83188153310104,1,1,2,4,2,Potential Loyalists
12575,26,2,131.1,2024-08-15,2024-11-14,4.875,Ireland,117,408.9871794871795,4,2,2,8,1,Loyal Customers
12576,2,2,143.83,2024-10-08,2024-12-08,6.333333333333333,France,63,833.3007936507937,5,2,2,9,1,Loyal Customers
12577,6,1,66.9,2024-12-04,2024-12-04,4.8,Spain,6,4069.75,5,1,1,7,1,Loyal Customers
12578,40,14,1247.24,2023-12-10,2024-10-31,7.3,Belgium,366,1243.8322404371586,3,4,4,11,0,Champions
12579,248,3,204.83,2024-01-31,2024-04-06,5.2,United Kingdom,314,238.0985668789809,1,3,2,6,2,Potential Loyalists
12580,194,2,184.65,2024-05-21,2024-05-30,8.25,United Kingdom,203,332.006157635468,1,2,2,5,1,Loyal Customers
12581,20,9,741.4300000000001,2024-07-11,2024-11-20,6.560975609756097,Spain,152,1780.4075657894737,4,4,3,11,0,Champions
12582,38,10,831.75,2023-12-11,2024-11-02,7.390243902439025,Netherlands,365,831.7500000000001,3,4,4,11,0,Champions
12583,276,2,125.95,2024-02-17,2024-03-09,4.555555555555555,United Kingdom,297,154.78703703703704,1,2,2,5,2,Potential Loyalists
12584,20,29,2496.91,2023-12-02,2024-11-20,7.938053097345133,United Kingdom,374,2436.8239304812832,4,5,5,14,0,Champions
12585,17,2,79.2,2024-08-05,2024-11-23,6.8,Australia,127,227.62204724409452,4,2,1,7,1,Loyal Customers
12586,37,2,217.6,2024-11-02,2024-11-03,7.857142857142857,United Kingdom,38,2090.1052631578946,3,2,3,8,1,Loyal Customers
12587,13,1,75.9,2024-11-27,2024-11-27,9.2,United Kingdom,13,2131.038461538462,5,1,1,7,1,Loyal Customers
12588,20,2,133.56,2024-07-20,2024-11-20,6.166666666666667,United Kingdom,143,340.9048951048951,4,2,2,8,1,Loyal Customers
12589,6,1,138.32,2024-12-04,2024-12-04,7.166666666666667,United Kingdom,6,8414.466666666665,5,1,2,8,1,Loyal Customers
12590,277,1,67.09,2024-03-08,2024-03-08,6.25,United Kingdom,277,88.40379061371841,1,1,1,3,2,Potential Loyalists
12591,15,1,57.85,2024-11-25,2024-11-25,10.5,Portugal,15,1407.6833333333334,5,1,1,7,1,Loyal Customers
12592,20,37,3151.79,2023-12-02,2024-11-20,7.852112676056338,Portugal,374,3075.944786096257,4,5,5,14,0,Champions
12593,39,2,48.8,2024-10-04,2024-11-01,7.0,United Kingdom,67,265.8507462686567,3,2,1,6,1,Loyal Customers
12594,35,9,747.14,2024-06-10,2024-11-05,7.3076923076923075,France,183,1490.1972677595627,3,4,4,11,0,Champions
12595,7,24,2106.05,2023-12-01,2024-12-03,7.666666666666667,Germany,375,2049.8886666666667,5,5,5,15,0,Champions
12596,26,13,1263.7,2023-12-09,2024-11-14,7.63265306122449,Germany,367,1256.8133514986375,4,4,4,12,0,Champions
12597,15,22,2244.29,2023-12-04,2024-11-25,7.829545454545454,Ireland,372,2202.05873655914,5,5,5,15,0,Champions
12598,365,1,72.53,2023-12-11,2023-12-11,5.25,Italy,365,72.53,1,1,1,3,2,Potential Loyalists
12599,27,1,94.45,2024-11-13,2024-11-13,6.6,United Kingdom,27,1276.8240740740741,4,1,1,6,1,Loyal Customers
12600,29,2,72.6,2024-08-18,2024-11-11,4.857142857142857,United Kingdom,114,232.44736842105263,3,2,1,6,1,Loyal Customers
12601,15,39,3288.56,2023-12-01,2024-11-25,7.503355704697986,United Kingdom,375,3200.8650666666667,5,5,5,15,0,Champions
12602,88,7,513.2,2023-12-08,2024-09-13,5.4375,Netherlands,368,509.0163043478262,2,3,3,8,1,Loyal Customers
12603,15,1,72.15,2024-11-25,2024-11-25,7.0,United Kingdom,15,1755.65,5,1,1,7,1,Loyal Customers
12604,22,11,1087.13,2023-12-10,2024-11-18,8.886363636363637,Australia,366,1084.1596994535519,4,4,4,12,0,Champions
12605,131,6,202.46,2024-02-20,2024-08-01,6.5,United Kingdom,294,251.35340136054424,2,3,2,7,1,Loyal Customers
12606,19,14,1296.07,2023-12-05,2024-11-21,8.907407407407407,Netherlands,371,1275.1092991913745,4,4,4,12,0,Champions
12607,33,2,98.61,2024-11-02,2024-11-07,6.166666666666667,United Kingdom,38,947.1750000000001,3,2,1,6,1,Loyal Customers
12608,8,29,2828.29,2023-12-08,2024-12-02,8.385964912280702,France,368,2805.2332880434783,5,5,5,15,0,Champions
12609,20,1,80.45,2024-11-20,2024-11-20,7.0,United Kingdom,20,1468.2125,4,1,1,6,1,Loyal Customers
12610,200,2,169.4,2024-05-05,2024-05-24,4.9,United Kingdom,219,282.33333333333337,1,2,2,5,2,Potential Loyalists
12611,103,6,364.04,2024-04-21,2024-08-29,7.0,Portugal,233,570.2772532188842,2,3,3,8,1,Loyal Customers
12612,112,4,245.81,2024-07-16,2024-08-20,5.428571428571429,France,147,610.3445578231292,2,3,3,8,1,Loyal Customers
12613,28,15,1193.06,2023-12-07,2024-11-12,8.018867924528301,United Kingdom,369,1180.1271002710027,4,4,4,12,0,Champions
12614,313,2,141.94,2023-12-03,2024-02-01,5.727272727272728,United Kingdom,373,138.89571045576406,1,2,2,5,2,Potential Loyalists
12615,260,3,156.81,2024-03-06,2024-03-25,5.75,United Kingdom,279,205.14569892473116,1,3,2,6,2,Potential Loyalists
12616,27,9,471.7,2024-01-22,2024-11-13,6.115384615384615,United Kingdom,323,533.0356037151703,4,4,3,11,0,Champions
12617,8,1,38.53,2024-12-02,2024-12-02,5.0,United Kingdom,8,1757.93125,5,1,1,7,1,Loyal Customers
12618,298,2,140.5,2023-12-22,2024-02-16,8.0,United Kingdom,354,144.86581920903953,1,2,2,5,2,Potential Loyalists
12619,251,1,65.88,2024-04-03,2024-04-03,4.8,United Kingdom,251,95.801593625498,1,1,1,3,2,Potential Loyalists
12620,269,2,154.21,2024-03-09,2024-03-16,5.090909090909091,Netherlands,276,203.9371376811594,1,2,2,5,2,Potential Loyalists
12621,59,1,73.7,2024-10-12,2024-10-12,7.0,Ireland,59,455.9406779661017,2,1,1,4,1,Loyal Customers
12622,14,2,235.97000000000003,2024-10-28,2024-11-26,6.888888888888889,Germany,43,2003.001162790698,5,2,3,10,1,Loyal Customers
12623,25,11,1099.05,2024-03-11,2024-11-15,7.5,United Kingdom,274,1464.0629562043794,4,4,4,12,0,Champions
12624,207,3,287.07,2024-04-26,2024-05-17,6.4,Germany,228,459.56381578947367,1,3,3,7,1,Loyal Customers
12625,41,2,119.4,2024-09-29,2024-10-30,5.833333333333333,United Kingdom,72,605.2916666666667,3,2,2,7,1,Loyal Customers
12626,17,20,1161.64,2023-12-02,2024-11-23,7.389830508474576,United Kingdom,374,1133.6860962566846,4,5,4,13,0,Champions
12627,21,1,112.25,2024-11-19,2024-11-19,5.5,United Kingdom,21,1951.0119047619046,4,1,2,7,1,Loyal Customers
12628,23,8,880.25,2024-06-04,2024-11-17,8.222222222222221,United Kingdom,189,1699.9537037037037,4,3,4,11,0,Champions
12629,5,22,1807.59,2023-12-02,2024-12-05,8.37037037037037,Germany,374,1764.0918449197861,5,5,5,15,0,Champions
12630,25,14,1058.02,2024-05-14,2024-11-15,7.952380952380952,Netherlands,210,1838.9395238095235,4,4,4,12,0,Champions
12631,33,11,509.54,2023-12-18,2024-11-07,7.285714285714286,United Kingdom,358,519.5030726256983,3,4,3,10,0,Champions
12632,10,32,3212.64,2023-12-03,2024-11-30,8.080882352941176,United Kingdom,373,3143.7361930294906,5,5,5,15,0,Champions
12633,40,15,1364.21,2023-12-29,2024-10-31,7.966101694915254,United Kingdom,347,1434.9759365994237,3,4,4,11,0,Champions
12634,16,2,203.96,2024-11-09,2024-11-24,6.625,United Kingdom,31,2401.4645161290323,4,2,2,8,1,Loyal Customers
12635,7,1,58.0,2024-12-03,2024-12-03,4.5,Ireland,7,3024.2857142857147,5,1,1,7,1,Loyal Customers
12636,28,2,122.05,2024-08-27,2024-11-12,5.090909090909091,United Kingdom,105,424.26904761904757,4,2,2,8,1,Loyal Customers
12637,119,7,482.35,2023-12-19,2024-08-13,6.25925925925926,United Kingdom,357,493.1589635854342,2,3,3,8,1,Loyal Customers
12638,30,15,1149.88,2023-12-13,2024-11-10,7.538461538461538,Australia,363,1156.2154269972452,3,4,4,11,0,Champions
12639,36,15,1662.6,2023-12-01,2024-11-04,8.209677419354838,United Kingdom,375,1618.2639999999997,3,4,5,12,0,Champions
12640,8,1,63.49,2024-12-02,2024-12-02,6.166666666666667,France,8,2896.7312500000003,5,1,1,7,1,Loyal Customers
12641,77,6,535.86,2023-12-29,2024-09-24,6.423076923076923,United Kingdom,347,563.656772334294,2,3,3,8,1,Loyal Customers
12642,28,11,1163.0,2024-08-11,2024-11-12,6.882352941176471,United Kingdom,121,3508.2231404958675,4,4,4,12,0,Champions
12643,14,35,3114.54,2023-12-03,2024-11-26,7.649635036496351,United Kingdom,373,3047.7402144772113,5,5,5,15,0,Champions
12644,8,32,3094.26,2023-12-05,2024-12-02,7.550724637681159,United Kingdom,371,3044.2180592991917,5,5,5,15,0,Champions
12645,45,14,1254.9,2023-12-20,2024-10-26,7.25,United Kingdom,356,1286.6250000000002,3,4,4,11,0,Champions
12646,111,8,683.2,2023-12-13,2024-08-21,6.166666666666667,France,363,686.9641873278238,2,3,3,8,1,Loyal Customers
12647,261,1,28.35,2024-03-24,2024-03-24,3.6666666666666665,United Kingdom,261,39.646551724137936,1,1,1,3,2,Potential Loyalists
12648,31,10,818.81,2023-12-15,2024-11-09,6.488888888888889,United Kingdom,361,827.8826869806093,3,4,4,11,0,Champions
12649,31,2,176.19,2024-11-02,2024-11-09,5.0,France,38,1692.3513157894738,3,2,2,7,1,Loyal Customers
12650,18,35,2325.15,2023-12-03,2024-11-22,6.796747967479675,Portugal,373,2275.280831099196,4,5,5,14,0,Champions
12651,18,32,2993.74,2023-12-02,2024-11-22,7.627737226277373,United Kingdom,374,2921.6981283422456,4,5,5,14,0,Champions
12652,43,2,60.25,2024-10-24,2024-10-28,7.666666666666667,Ireland,47,467.8989361702128,3,2,1,6,1,Loyal Customers
12653,68,1,83.72999999999999,2024-10-03,2024-10-03,4.5,Netherlands,68,449.43308823529406,2,1,1,4,1,Loyal Customers
12654,30,11,989.33,2024-06-03,2024-11-10,7.6,Netherlands,190,1900.5549999999998,3,4,4,11,0,Champions
12655,9,38,2597.35,2023-12-07,2024-12-01,6.978571428571429,Belgium,369,2569.1944444444443,5,5,5,15,0,Champions
12656,79,5,250.56,2024-02-01,2024-09-22,6.75,Netherlands,313,292.18658146964856,2,3,3,8,1,Loyal Customers
12657,119,8,610.78,2023-12-15,2024-08-13,6.083333333333333,France,361,617.5476454293628,2,3,3,8,1,Loyal Customers
12658,86,4,60.29,2024-08-09,2024-09-15,4.2,Spain,123,178.90934959349593,2,3,1,6,1,Loyal Customers
12659,10,17,1427.68,2023-12-09,2024-11-30,7.942857142857143,United Kingdom,367,1419.899727520436,5,5,5,15,0,Champions
12660,31,8,487.35,2024-01-01,2024-11-09,6.384615384615385,United Kingdom,344,517.1010174418604,3,3,3,9,0,Champions
12661,247,2,146.35,2024-02-29,2024-04-07,7.0,United Kingdom,285,187.43070175438598,1,2,2,5,2,Potential Loyalists
12662,330,1,1.69,2024-01-15,2024-01-15,1.0,United Kingdom,330,1.8692424242424241,1,1,1,3,2,Potential Loyalists
12663,48,16,1451.49,2023-12-05,2024-10-23,7.826086956521739,Netherlands,371,1428.01576819407,2,5,5,12,0,Champions
12664,35,2,51.83,2024-10-28,2024-11-05,3.5,United Kingdom,43,439.9523255813953,3,2,1,6,1,Loyal Customers
12665,65,8,499.09,2023-12-11,2024-10-06,5.586206896551724,Spain,365,499.09,2,3,3,8,1,Loyal Customers
12666,20,17,1847.14,2023-12-02,2024-11-20,7.833333333333333,Australia,374,1802.690106951872,4,5,5,14,0,Champions
12667,251,2,124.68,2024-03-27,2024-04-03,5.142857142857143,France,258,176.38837209302326,1,2,2,5,2,Potential Loyalists
12668,31,16,1217.2,2023-12-05,2024-11-09,8.27450980392157,France,371,1197.5148247978436,3,5,4,12,0,Champions
12669,9,30,2773.2,2023-12-02,2024-12-01,8.382608695652173,United Kingdom,374,2706.465240641711,5,5,5,15,0,Champions
12670,14,12,736.87,2023-12-08,2024-11-26,6.833333333333333,United Kingdom,368,730.8629076086957,5,4,3,12,0,Champions
12671,232,1,84.84,2024-04-22,2024-04-22,8.333333333333334,Spain,232,133.47672413793103,1,1,1,3,2,Potential Loyalists
12672,13,1,52.0,2024-11-27,2024-11-27,7.333333333333333,United Kingdom,13,1460.0,5,1,1,7,1,Loyal Customers
12673,15,12,1068.92,2023-12-11,2024-11-25,7.372549019607843,United Kingdom,365,1068.92,5,4,4,13,0,Champions
12674,240,3,89.69,2023-12-14,2024-04-14,5.333333333333333,United Kingdom,362,90.43328729281768,1,3,1,5,2,Potential Loyalists
12675,264,3,265.55,2023-12-08,2024-03-21,7.285714285714286,Germany,368,263.3851902173913,1,3,3,7,2,Potential Loyalists
12676,96,6,334.25,2024-03-08,2024-09-05,6.444444444444445,Spain,277,440.43772563176896,2,3,3,8,1,Loyal Customers
12677,70,7,508.19,2023-12-09,2024-10-01,6.107142857142857,Ireland,367,505.4205722070845,2,3,3,8,1,Loyal Customers
12678,274,2,88.60000000000001,2024-02-28,2024-03-11,5.25,United Kingdom,286,113.07342657342659,1,2,1,4,2,Potential Loyalists
12679,25,10,830.53,2023-12-25,2024-11-15,9.03225806451613,Germany,351,863.6565527065526,4,4,4,12,0,Champions
12680,359,3,186.62,2023-12-05,2023-12-17,6.444444444444445,United Kingdom,371,183.60188679245283,1,3,2,6,2,Potential Loyalists
12681,23,1,76.5,2024-11-17,2024-11-17,10.0,France,23,1214.0217391304348,4,1,1,6,1,Loyal Customers
12682,42,1,115.85,2024-10-29,2024-10-29,6.857142857142857,United Kingdom,42,1006.7916666666666,3,1,2,6,1,Loyal Customers
12683,8,2,145.69,2024-09-08,2024-12-02,4.384615384615385,Belgium,93,571.7940860215054,5,2,2,9,1,Loyal Customers
12684,24,12,1227.55,2023-12-11,2024-11-16,7.685185185185185,United Kingdom,365,1227.55,4,4,4,12,0,Champions
12685,284,2,118.02,2024-01-27,2024-03-01,6.857142857142857,United Kingdom,318,135.4632075471698,1,2,2,5,2,Potential Loyalists
12686,236,3,196.5,2024-04-03,2024-04-18,6.071428571428571,United Kingdom,251,285.7470119521912,1,3,2,6,2,Potential Loyalists
12687,27,11,1002.6,2023-12-14,2024-11-13,7.681818181818182,Ireland,362,1010.9088397790055,4,4,4,12,0,Champions
12688,82,5,365.28,2024-02-21,2024-09-19,6.05,United Kingdom,293,455.04163822525595,2,3,3,8,1,Loyal Customers
12689,34,16,1514.7,2023-12-30,2024-11-06,8.421875,Germany,346,1597.8771676300578,3,5,5,13,0,Champions
12690,49,12,1157.72,2023-12-02,2024-10-22,7.132075471698113,United Kingdom,374,1129.8604278074868,2,4,4,10,0,Champions
12691,250,2,223.97,2024-04-01,2024-04-04,6.375,United Kingdom,253,323.11877470355734,1,2,3,6,2,Potential Loyalists
12692,26,1,41.25,2024-11-14,2024-11-14,5.5,United Kingdom,26,579.0865384615385,4,1,1,6,1,Loyal Customers
12693,48,1,92.75,2024-10-23,2024-10-23,6.5,United Kingdom,48,705.2864583333334,2,1,1,4,1,Loyal Customers
12694,285,3,308.8,2023-12-22,2024-02-29,6.615384615384615,United Kingdom,354,318.3954802259887,1,3,3,7,2,Potential Loyalists
12695,21,8,761.69,2024-07-18,2024-11-19,8.193548387096774,United Kingdom,145,1917.3575862068967,4,3,4,11,0,Champions
12696,44,17,1654.93,2023-12-12,2024-10-27,8.17142857142857,United Kingdom,364,1659.476510989011,3,5,5,13,0,Champions
12697,27,12,1167.88,2023-12-16,2024-11-13,8.4,Netherlands,360,1184.1005555555557,4,4,4,12,0,Champions
12698,85,3,84.5,2024-09-08,2024-09-16,6.857142857142857,United Kingdom,93,331.63978494623655,2,3,1,6,1,Loyal Customers
12699,26,1,138.35000000000002,2024-11-14,2024-11-14,4.6,France,26,1942.2211538461543,4,1,2,7,1,Loyal Customers
12700,11,12,1169.53,2023-12-24,2024-11-29,8.7,United Kingdom,352,1212.7228693181817,5,4,4,13,0,Champions
12701,10,18,1448.19,2023-12-13,2024-11-30,8.229508196721312,Spain,363,1456.169008264463,5,5,5,15,0,Champions
12702,19,1,25.3,2024-11-21,2024-11-21,6.5,United Kingdom,19,486.02631578947376,4,1,1,6,1,Loyal Customers
12703,333,1,127.65,2024-01-12,2024-01-12,7.0,Netherlands,333,139.91666666666669,1,1,2,4,2,Potential Loyalists
12704,95,6,375.87,2024-02-19,2024-09-06,5.344827586206897,Ireland,295,465.05949152542377,2,3,3,8,1,Loyal Customers
12705,56,15,1191.09,2023-12-01,2024-10-15,7.892857142857143,United Kingdom,375,1159.3276,2,4,4,10,0,Champions
12706,20,16,1476.31,2023-12-17,2024-11-20,8.107692307692307,United Kingdom,359,1500.9837047353758,4,5,5,14,0,Champions
12707,64,8,678.8000000000001,2023-12-10,2024-10-07,6.515151515151516,Portugal,366,676.9453551912569,2,3,3,8,1,Loyal Customers
12708,5,34,2159.86,2023-12-04,2024-12-05,7.260869565217392,United Kingdom,372,2119.21747311828,5,5,5,15,0,Champions
12709,85,6,506.36,2024-06-27,2024-09-16,6.04,Portugal,166,1113.3819277108435,2,3,3,8,1,Loyal Customers
12710,13,12,1248.58,2023-12-03,2024-11-27,7.979591836734694,United Kingdom,373,1221.8008042895442,5,4,4,13,0,Champions
12711,9,31,3051.96,2023-12-02,2024-12-01,7.958333333333333,United Kingdom,374,2978.517112299465,5,5,5,15,0,Champions
12712,347,2,210.2,2023-12-03,2023-12-29,6.375,Italy,373,205.6916890080429,1,2,2,5,2,Potential Loyalists
12713,11,27,2612.61,2023-12-15,2024-11-29,8.29203539823009,Italy,361,2641.558587257618,5,5,5,15,0,Champions
12714,59,2,29.68,2024-09-18,2024-10-12,3.0,Ireland,83,130.52048192771085,2,2,1,5,1,Loyal Customers
12715,111,5,187.99,2024-05-30,2024-08-21,5.642857142857143,United Kingdom,194,353.6925257731959,2,3,2,7,1,Loyal Customers
12716,107,7,466.67,2024-04-27,2024-08-25,5.433333333333334,France,227,750.3724669603524,2,3,3,8,1,Loyal Customers
12717,15,8,1106.35,2024-01-16,2024-11-25,8.35135135135135,United Kingdom,329,1227.4095744680849,5,3,4,12,0,Champions
12718,14,9,597.17,2024-04-24,2024-11-26,7.551724137931035,France,230,947.6828260869564,5,4,3,12,0,Champions
12719,18,8,656.22,2023-12-11,2024-11-22,8.466666666666667,France,365,656.22,4,3,3,10,0,Champions
12720,368,1,105.85,2023-12-08,2023-12-08,7.0,United Kingdom,368,104.98709239130433,1,1,2,4,2,Potential Loyalists
12721,10,1,77.75,2024-11-30,2024-11-30,5.5,United Kingdom,10,2837.875,5,1,1,7,1,Loyal Customers
12722,256,1,131.34,2024-03-29,2024-03-29,6.285714285714286,United Kingdom,256,187.262109375,1,1,2,4,2,Potential Loyalists
12723,62,1,128.14,2024-10-09,2024-10-09,8.4,Ireland,62,754.3725806451612,2,1,2,5,1,Loyal Customers
12724,277,2,209.25,2023-12-02,2024-03-08,8.333333333333334,France,374,204.21457219251334,1,2,2,5,2,Potential Loyalists
12725,114,4,92.99,2024-07-07,2024-08-18,3.8,Germany,156,217.5727564102564,2,3,1,6,1,Loyal Customers
12726,275,2,118.8,2024-02-13,2024-03-10,6.0,Germany,301,144.0598006644518,1,2,2,5,2,Potential Loyalists
12727,8,31,3060.15,2023-12-03,2024-12-02,8.090225563909774,Portugal,373,2994.5167560321715,5,5,5,15,0,Champions
12728,6,2,161.15,2024-12-01,2024-12-04,6.444444444444445,France,9,6535.527777777777,5,2,2,9,1,Loyal Customers
12729,42,8,426.69,2024-02-17,2024-10-29,8.38888888888889,France,297,524.3833333333333,3,3,3,9,0,Champions
12730,42,15,1421.91,2023-12-02,2024-10-29,8.842105263157896,France,374,1387.6929144385028,3,4,5,12,0,Champions
12731,17,29,2414.76,2023-12-02,2024-11-23,7.45945945945946,France,374,2356.6508021390378,4,5,5,14,0,Champions
12732,247,1,141.45,2024-04-07,2024-04-07,7.0,United Kingdom,247,209.0253036437247,1,1,2,4,2,Potential Loyalists
12733,276,2,169.48000000000002,2024-02-19,2024-03-09,5.5,United Kingdom,295,209.69559322033902,1,2,2,5,2,Potential Loyalists
12734,272,1,25.65,2024-03-13,2024-03-13,4.0,Netherlands,272,34.420036764705884,1,1,1,3,2,Potential Loyalists
12735,78,4,183.29,2024-05-16,2024-09-23,6.230769230769231,Spain,208,321.6387019230769,2,3,2,7,1,Loyal Customers
12736,194,3,171.05,2023-12-28,2024-05-30,6.0,United Kingdom,348,179.4058908045977,1,3,2,6,2,Potential Loyalists
12737,22,9,594.82,2024-01-19,2024-11-18,7.0,France,326,665.9794478527608,4,4,3,11,0,Champions
12738,286,1,26.6,2024-02-28,2024-02-28,7.666666666666667,Spain,286,33.94755244755245,1,1,1,3,2,Potential Loyalists
12739,39,1,15.5,2024-11-01,2024-11-01,2.0,United Kingdom,39,145.06410256410257,3,1,1,5,1,Loyal Customers
12740,260,3,165.70000000000002,2023-12-14,2024-03-25,5.6,United Kingdom,362,167.07320441988952,1,3,2,6,2,Potential Loyalists
12741,89,5,513.89,2024-05-20,2024-09-12,6.363636363636363,United Kingdom,204,919.4600490196078,2,3,3,8,1,Loyal Customers
12742,19,13,1203.91,2023-12-16,2024-11-21,8.727272727272727,United Kingdom,360,1220.6309722222222,4,4,4,12,0,Champions
12743,35,8,508.32,2024-03-11,2024-11-05,9.947368421052632,France,274,677.141605839416,3,3,3,9,0,Champions
12744,58,12,1724.32,2023-12-11,2024-10-13,9.432835820895525,United Kingdom,365,1724.32,2,4,5,11,0,Champions
12745,44,9,553.8000000000001,2023-12-26,2024-10-27,7.068965517241379,United Kingdom,350,577.5342857142858,3,4,3,10,0,Champions
12746,12,12,1243.92,2024-06-01,2024-11-28,8.89795918367347,United Kingdom,192,2364.74375,5,4,4,13,0,Champions
12747,8,1,57.13,2024-12-02,2024-12-02,4.2,France,8,2606.55625,5,1,1,7,1,Loyal Customers
12748,17,2,298.82,2024-09-16,2024-11-23,7.545454545454546,United Kingdom,85,1283.1682352941177,4,2,3,9,1,Loyal Customers
12749,52,17,1622.0,2023-12-20,2024-10-19,8.928571428571429,Ireland,356,1663.0056179775281,2,5,5,12,0,Champions
12750,148,5,400.37,2024-04-15,2024-07-15,6.2105263157894735,United Kingdom,239,611.4437238493724,2,3,3,8,1,Loyal Customers
12751,14,24,2209.64,2023-12-02,2024-11-26,8.077777777777778,United Kingdom,374,2156.466844919786,5,5,5,15,0,Champions
12752,14,11,682.47,2024-03-10,2024-11-26,8.65625,United Kingdom,275,905.8238181818182,5,4,3,12,0,Champions
12753,108,3,221.68,2024-06-26,2024-08-24,5.411764705882353,United Kingdom,167,484.5101796407186,2,3,3,8,1,Loyal Customers
12754,14,2,128.49,2024-09-05,2024-11-26,5.375,Spain,96,488.5296875000001,5,2,2,9,1,Loyal Customers
12755,249,2,92.68,2024-04-01,2024-04-05,5.666666666666667,Spain,253,133.7083003952569,1,2,1,4,2,Potential Loyalists
12756,204,2,132.17,2024-04-30,2024-05-20,5.875,United Kingdom,224,215.3662946428571,1,2,2,5,2,Potential Loyalists
12757,35,17,1031.79,2023-12-07,2024-11-05,6.578947368421052,United Kingdom,369,1020.6052845528454,3,5,4,12,0,Champions
12758,30,1,26.25,2024-11-10,2024-11-10,7.0,Belgium,30,319.375,3,1,1,5,1,Loyal Customers
12759,18,12,1289.99,2023-12-01,2024-11-22,8.6,Portugal,375,1255.5902666666668,4,4,4,12,0,Champions
12760,6,28,2481.18,2023-12-03,2024-12-04,8.435643564356436,Portugal,373,2427.9643431635386,5,5,5,15,0,Champions
12761,20,11,1098.6,2023-12-03,2024-11-20,8.391304347826088,United Kingdom,373,1075.0375335120643,4,4,4,12,0,Champions
12762,84,5,294.96,2024-04-22,2024-09-17,5.285714285714286,United Kingdom,232,464.053448275862,2,3,3,8,1,Loyal Customers
12763,14,10,944.74,2023-12-04,2024-11-26,6.733333333333333,United Kingdom,372,926.9626344086021,5,4,4,13,0,Champions
12764,254,3,243.36,2023-12-10,2024-03-31,6.461538461538462,United Kingdom,366,242.69508196721316,1,3,3,7,2,Potential Loyalists
12765,33,16,1190.33,2023-12-07,2024-11-07,8.346938775510203,Germany,369,1177.4266937669374,3,5,4,12,0,Champions
12766,12,2,68.25999999999999,2024-11-19,2024-11-28,6.0,United Kingdom,21,1186.4238095238093,5,2,1,8,1,Loyal Customers
12767,125,4,201.05,2024-05-13,2024-08-07,5.0,United Kingdom,211,347.7879146919432,2,3,2,7,1,Loyal Customers
12768,43,13,1368.13,2023-12-12,2024-10-28,8.517241379310345,France,364,1371.888598901099,3,4,4,11,0,Champions
12769,20,16,1336.84,2023-12-07,2024-11-20,7.764705882352941,United Kingdom,369,1322.3485094850948,4,5,4,13,0,Champions
12770,24,1,80.5,2024-11-16,2024-11-16,7.25,United Kingdom,24,1224.2708333333333,4,1,1,6,1,Loyal Customers
12771,86,6,324.72,2024-05-10,2024-09-15,6.045454545454546,United Kingdom,214,553.8448598130842,2,3,3,8,1,Loyal Customers
12772,362,2,82.60000000000001,2023-12-04,2023-12-14,4.75,United Kingdom,372,81.0456989247312,1,2,1,4,2,Potential Loyalists
12773,309,2,85.63,2023-12-20,2024-02-05,5.428571428571429,Germany,356,87.79480337078651,1,2,1,4,2,Potential Loyalists
12774,9,29,3008.66,2023-12-01,2024-12-01,7.884057971014493,France,375,2928.4290666666666,5,5,5,15,0,Champions
12775,205,1,53.86,2024-05-19,2024-05-19,4.25,Germany,205,95.89707317073172,1,1,1,3,2,Potential Loyalists
12776,326,3,263.54,2023-12-09,2024-01-19,6.0,Belgium,367,262.10381471389644,1,3,3,7,2,Potential Loyalists
12777,42,15,1183.86,2023-12-01,2024-10-29,7.408163265306122,United Kingdom,375,1152.2903999999999,3,4,4,11,0,Champions
12778,10,1,105.92,2024-11-30,2024-11-30,5.666666666666667,United Kingdom,10,3866.0800000000004,5,1,2,8,1,Loyal Customers
12779,361,2,176.97,2023-12-02,2023-12-15,6.3,Belgium,374,172.71136363636364,1,2,2,5,2,Potential Loyalists
12780,34,17,1516.22,2024-04-17,2024-11-06,7.866666666666666,United Kingdom,237,2335.1067510548523,3,5,5,13,0,Champions
12781,7,1,111.85,2024-12-03,2024-12-03,6.0,United Kingdom,7,5832.178571428572,5,1,2,8,1,Loyal Customers
12782,230,1,103.61,2024-04-24,2024-04-24,6.285714285714286,United Kingdom,230,164.4245652173913,1,1,2,4,2,Potential Loyalists
12783,55,2,210.27,2024-09-26,2024-10-16,6.7,United Kingdom,75,1023.3140000000001,2,2,2,6,1,Loyal Customers
12784,30,1,43.150000000000006,2024-11-10,2024-11-10,4.6,United Kingdom,30,524.9916666666667,3,1,1,5,1,Loyal Customers
12785,137,5,313.96000000000004,2024-03-26,2024-07-26,6.529411764705882,United Kingdom,259,442.4532818532819,2,3,3,8,1,Loyal Customers
12786,49,1,54.4,2024-10-22,2024-10-22,6.0,Ireland,49,405.2244897959184,2,1,1,4,1,Loyal Customers
12787,24,14,1534.41,2024-03-07,2024-11-16,8.033333333333333,United Kingdom,278,2014.6030575539571,4,4,5,13,0,Champions
12788,4,36,2996.12,2023-12-01,2024-12-06,7.926229508196721,France,375,2916.2234666666664,5,5,5,15,0,Champions
12789,21,1,49.010000000000005,2024-11-19,2024-11-19,9.5,United Kingdom,21,851.8404761904764,4,1,1,6,1,Loyal Customers
12790,30,12,821.28,2024-01-09,2024-11-10,8.27027027027027,United Kingdom,336,892.1642857142857,3,4,4,11,0,Champions
12791,111,4,358.36,2023-12-18,2024-08-21,6.238095238095238,United Kingdom,358,365.3670391061452,2,3,3,8,1,Loyal Customers
12792,224,3,253.56,2024-04-08,2024-04-30,6.333333333333333,United Kingdom,246,376.21707317073174,1,3,3,7,2,Potential Loyalists
12793,46,1,43.05,2024-10-25,2024-10-25,5.0,United Kingdom,46,341.5923913043478,3,1,1,5,1,Loyal Customers
12794,173,3,255.4,2024-04-10,2024-06-20,6.6923076923076925,Spain,244,382.05327868852464,2,3,3,8,1,Loyal Customers
12795,11,1,24.32,2024-11-29,2024-11-29,5.0,Australia,11,806.9818181818182,5,1,1,7,1,Loyal Customers
12796,40,17,1540.86,2023-12-07,2024-10-31,7.216216216216216,United Kingdom,369,1524.1569105691058,3,5,5,13,0,Champions
12797,5,1,132.9,2024-12-05,2024-12-05,8.666666666666666,Germany,5,9701.7,5,1,2,8,1,Loyal Customers
12798,17,9,643.01,2024-07-13,2024-11-23,7.833333333333333,United Kingdom,150,1564.6576666666667,4,4,3,11,0,Champions
12799,4,34,2980.84,2023-12-02,2024-12-06,8.346153846153847,Belgium,374,2909.108556149733,5,5,5,15,0,Champions
